{"mean_squared_error": [0.0027940992537575462, 0.002841645743077, 0.0028254764464994272, 0.0025879065557900404, 0.0026092234274579418, 0.0027481334956569806, 0.0027789602586482135, 0.0026091493640301956, 0.0028782221229953896, 0.0027440493202043905, 0.0028467451403331426, 0.0026049904680500429, 0.0027566060139280228, 0.0028562935405514306, 0.0027380306066738234, 0.0032551755766487785, 0.0046274619849605691, 0.0026086685480549931, 0.0028722973702113249, 0.0028266401773887791, 0.0028774029433002901, 0.0027227892048863902, 0.003341097718415161, 0.0027493878060744869, 0.0026847154031404189, 0.0026259708412302036, 0.0026630701290236581, 0.0025887060496542188, 0.0025962404880879655, 0.0027257891915117701, 0.0027634878552311825, 0.0026779357576742768, 0.0025572573636761971, 0.0026324156361321608, 0.0026157732341542013, 0.0026337821760939227, 0.0026784501504153015, 0.0026276724568257731, 0.0026257894765068261, 0.0027714918225279286, 0.0026387284975498914, 0.0027740291151632035, 0.0027215468516159388, 0.0026675119245838787, 0.0026707432672588363, 0.0026215862767356964, 0.0025765517765345674, 0.0025408607829983036, 0.0025972815062333312, 0.0026532456666852038, 0.0029626836715680028, 0.0026625734909127155, 0.002591455523442063, 0.0025880686744737128, 0.002639735028302918, 0.0025885753152478071, 0.0026116504476198718, 0.0026307157991040083, 0.0025459468882117007, 0.0026142355830719075, 0.0026043235828789573, 0.0026256729577047127, 0.0026457584644150401, 0.0026609808128948012, 0.0026086628721613023, 0.0027280850517046118, 0.0027043708134442566, 0.0026317858777474613, 0.002816016044622908, 0.00257658873581224, 0.0026101435185410084, 0.0026292530017801457, 0.002684233976631529, 0.0025409665113935867, 0.0025533078031407461, 0.002559868129901588, 0.0025846314409540758, 0.0026037525139852532, 0.0027003611463846432, 0.0026778187318187621, 0.002759682741533551, 0.0028552364454501205, 0.0026822105722708834, 0.002789153137968646, 0.0026355592663296393, 0.0025370189894197716, 0.0025887801182559794, 0.0025710878544487059, 0.0025815347494143577, 0.0025585148380034501, 0.0025777119913578238, 0.0025790150432537001, 0.0026164965988654228, 0.0029980995692312717, 0.0027518933897631038, 0.0027317152643162343, 0.0026218851096928121, 0.0025502924729759496, 0.0025632574973214004, 0.0026176218991167842], "loss": [6.1286965317196316, 0.8718483514255948, 0.1113447379734781, 0.022171073448326854, 0.012930093581477802, 0.014287229523890548, 0.012636154269178709, 0.011934889873696699, 0.014520872508486111, 0.014274671301245689, 0.013868649593657918, 0.012606855957872337, 0.013131625536415312, 0.015852391057544286, 0.01199014215833611, 0.017074339547091061, 0.052199612806240719, 0.028330982683433426, 0.020762293537457784, Infinity, 0.016149335685703488, 0.014464763489862283, 0.021686701559358174, 0.014689485811524921, 0.011421751313739353, 0.011505062753955523, 0.011785047315061092, 0.011120081072052319, 0.010943873909612496, 0.012675769109692838, 0.013844773587253358, 0.011266641567150753, 0.010470676173766454, 0.01175420077310668, 0.010992632206115458, 0.011007786169648171, 0.012775458333392938, 0.010858838115301398, 0.011671410211258464, 0.012396423725618257, 0.013042447881566154, 0.013422817322942945, 0.01322397498620881, 0.012493347728417979, 0.012855365334285631, 0.01036075053529607, 0.010814748849305842, 0.010574353631171915, 0.011385851312014791, 0.012050386125014887, 0.014255280978977681, 0.012591832627852758, 0.011561979601780573, 0.011473844034804238, 0.011725496004025142, 0.011998159997165202, 0.011859271923700969, 0.011549922823905944, 0.010822164970967505, 0.010409033774501747, 0.011246161680254671, 0.011645707777804798, 0.012043517641723156, 0.010842872079875734, 0.011449365773134761, 0.012410973757505417, 0.016910661508639655, 0.011481604207721022, 0.014246784812874265, 0.011991494997507996, 0.013199819955560896, 0.010974563906590145, 0.012200252256459661, 0.011038286011252138, 0.011216213016046419, 0.010992462291485733, 0.011023589451279904, 0.011240488001041942, 0.012583416596882873, 0.011297412113183074, 0.014192914341886837, 0.013638970814645291, 0.014469855402906736, 0.018053020226458709, 0.011820651508039898, 0.010844224856959449, 0.010825420709119902, 0.010535874652365844, 0.010809400719073084, 0.010311200324859883, 0.010143771477871471, 0.010324448802404934, 0.010755078122019767, 0.014069159287545416, 0.013812227712737189, 0.011531720020704799, 0.012124473353226979, 0.010889862933092647, 0.010546377839313613, 0.011559139399064913], "val_mean_squared_error": [0.00062099068115154899, 0.00094970567928006255, 0.00076615148767208063, 0.00080660280461112655, 0.00092931615654379129, 0.00065610542272528016, 0.00079656826953093207, 0.0010122284487200279, 0.00093332699422414101, 0.00063884648261591792, 0.00062202245074634754, 0.0006941315562774738, 0.00094087037723511457, 0.00064823652307192481, 0.00099344615591689944, 0.0010821532923728228, 0.00097891672824819875, 0.00063737801974639297, 0.00068748767565314972, 0.0011591957105944555, 0.0006672477272028724, 0.00066509965108707547, 0.00081677139193440473, 0.0006330680140915016, 0.00078715436393395066, 0.00063595802445585525, 0.00063229517157499992, 0.00063771085115149617, 0.00064800790278241038, 0.00063030084129422903, 0.00068488656931246317, 0.00083370433033754432, 0.00087011881017436587, 0.00081998806369180477, 0.00071246159495785832, 0.00062036258168518543, 0.00064461719011887908, 0.00066984151878083742, 0.00074126592759663856, 0.00091229154107471311, 0.00079502592173715436, 0.0009148006599086026, 0.00063285875755051768, 0.00063548250667129957, 0.00062693434301763773, 0.00078692814956108725, 0.00062140731218581402, 0.00079447886673733592, 0.00076320107715825236, 0.0007941419413934151, 0.00090116035426035523, 0.00062215382543702924, 0.00071223415822411573, 0.00080348958726972342, 0.00080359189693505562, 0.0008277878902542094, 0.00087007022618005669, 0.00079735415056347847, 0.00065965696315591538, 0.00070118108609070384, 0.00085392076289281249, 0.00086778113230442011, 0.00065526655331874884, 0.00091639102902263403, 0.00065677442277471221, 0.00069920575090994441, 0.00065525002234304941, 0.0041400548070669174, 0.00073896891747911775, 0.00063250206100443995, 0.00064301178402577841, 0.00064569389602790273, 0.00065661594271659851, 0.00063368571378911531, 0.00076247332617640495, 0.00063227183030297362, 0.00062175944913178682, 0.00062367886615296208, 0.00067970727104693651, 0.00082272384315729141, 0.000859086033112059, 0.00073616992449387908, 0.0006302976980805397, 0.00071071976951013005, 0.00074252606524775422, 0.00064205696495870746, 0.00067386211594566703, 0.00065337825799360871, 0.00061930335747698939, 0.00065494154114276171, 0.0007005687803030014, 0.00090172504618143046, 0.00071737575732792414, 0.00095350427242616809, 0.00072980743910496437, 0.00095670059090480208, 0.0006412113240609566, 0.00071861594915390015, 0.00084348207262034214, 0.00083210039883852005],