{"mean_squared_error": [0.0024859071515190103, 0.0020835355441603397, 0.0021937984429920713, 0.0018759566268676685, 0.0027788291426582468, 0.0019810443343077268, 0.001795398323641469, 0.0018689611486883628, 0.0019289416759016198, 0.0019074344257306722, 0.0018060862552374602, 0.00188740001564535, 0.0020422206751795277, 0.0019656136580225494, 0.0018814963599046071, 0.0019132919700091911, 0.0019817269471887914, 0.0019555512013741667, 0.0021467934155629739, 0.0020364155346113775, 0.0019586771571387849, 0.0019421469536609949, 0.0022388325202175314, 0.0018923593206434614, 0.0021225795382633804, 0.0018145628376967377, 0.0023000674580948219, 0.0023347768906710874, 0.0021757594387357432, 0.0019063762182162868, 0.0018064512224454019, 0.0019142872653901577, 0.0017891376900176206, 0.0018188058967805571, 0.0018508072813144989, 0.0018203408522013988, 0.0018069916301303439, 0.0019561743661243884, 0.0018464152080317339, 0.0018591877409360475, 0.0018158920768958826, 0.0018750153430220154, 0.0018385827230910461, 0.001852703557556702, 0.0019156909625356396, 0.001914433154484464, 0.0017863017817338308, 0.00203514317335147, 0.0019194118743244973, 0.0017964516611148915, 0.0017974531950636042, 0.0018526862271957927, 0.0021032397913384356, 0.0019240393781931036, 0.0018242920179747874, 0.0018148750493613382, 0.0018330185557715595, 0.0018539477450152239, 0.0019663661058681708, 0.0018024277058430016, 0.00187656057274176, 0.0018597860794721378, 0.0018187134837110838, 0.0017985550337471067, 0.0018082922945419947, 0.001796382218081918, 0.0025279921220822468, 0.0019362786344976888, 0.0018226243128689626, 0.0017982392054465082, 0.0018222629454814725, 0.0018366841508799957, 0.0018054660031339154, 0.0018098696962826782, 0.0018265452721000959, 0.0017848533190165958, 0.0017959329299628735, 0.0018387432934509384, 0.0017936060424997575, 0.0018426892425244053, 0.0018620426042212381, 0.0019046412470440069, 0.0018176854885597197, 0.0018117325199354026, 0.0017829040233563217, 0.0019341359238347245, 0.0019307062146253883, 0.0018619053246867326, 0.0019755605504744585, 0.0018507172010787246, 0.0018142286920920015, 0.0018155996584229999, 0.0019306756918215089, 0.0019152646198765271, 0.0019016451124722758, 0.0017939887387910859, 0.0018344535582905841, 0.0019008934459028145, 0.0018131503395529256, 0.0017976733493722148], "loss": [4.4088001701566908, 0.77585917711257935, 0.10475035632650058, 0.017993134632706641, 0.014654613058600162, 0.009151227503187127, 0.0078800492402580045, 0.008756986343198353, 0.0084372758244474731, 0.0085790335925088994, 0.0084339955407712192, 0.0084392032275597256, 0.0084048397632108789, 0.0083081334415409294, 0.0080516083683404658, 0.0093684760439727045, 0.0087199276002744835, 0.0083742204225725602, 0.009377650771703985, 0.01011326052248478, 0.0090782658300466012, 0.010436281830900245, 0.010933811879820295, 0.010458570739461315, 0.011796595238977008, 0.0080291434708568785, 0.013642568617231315, 0.01146150730136368, 0.015367435932987266, 0.011812841292056772, 0.0078889405561818025, 0.0084675794570810269, 0.0076876708513332736, 0.0074196500703692433, 0.0078590062343411975, 0.0072589206612772416, 0.0073282126130329237, 0.0083121513947844502, 0.0079693091205424726, 0.0070355349634256626, 0.0074319648452930978, 0.0080024496134784486, 0.008248782219986121, 0.0081042756429976891, 0.0087656941264867786, 0.0084591595249043569, 0.0074875061296754411, 0.0089593417942523956, 0.0094865733136733372, 0.0078360937949683938, 0.007791813069747554, 0.0081268419925537381, 0.010414510406553746, 0.0083917902575598828, 0.007747389645212226, 0.0079044118109676577, 0.0078423559665679928, 0.0084383021419246994, 0.0094165628568993673, 0.0085854305368330743, 0.008653378900554445, 0.0085232974340518318, 0.0078576118995745976, 0.0077543667828043304, 0.0068840654049482607, 0.007150877536171012, 0.016484657405979104, 0.0097447515361838866, 0.0086381414284308743, 0.0085031151357624259, 0.0067695045015878147, 0.0075707924655742118, 0.0077889024176531364, 0.007889961016674836, 0.0079372967489891588, 0.0076127354676524799, 0.0072215095783273375, 0.0068599702686899236, 0.0072843364336424403, 0.00774870655602879, 0.0079955808611379721, 0.0084203599227799311, 0.0076168356670273671, 0.0072580484776861142, 0.0077102207889159519, 0.00870804511424568, 0.011988951762517294, 0.0090549014922645353, 0.01206326364643044, 0.009508654392427868, 0.0080403531384136938, 0.0070896543769372834, 0.0095128234268890485, 0.0087427598320775554, 0.0085601347395115428, 0.0078198253694507815, 0.0074773845469786058, 0.0077785182951225175, 0.0078806068127353981, 0.0070666533066994618], "val_mean_squared_error": [0.00065623452731718623, 0.00066509778844192624, 0.00082117309405778849, 0.0005274808791000396, 0.00045330105543447036, 0.00045519731550787884, 0.00065187776150802768, 0.00048056214776200551, 0.00047517028482009965, 0.00048798342080165941, 0.00046235736226662993, 0.0004704883516145249, 0.0004985493142157793, 0.00061239816326027119, 0.00053132467049484455, 0.00049159311068554723, 0.00063972605857998133, 0.00048659526510164142, 0.00092198478523641825, 0.00047329370863735676, 0.0024865233960251012, 0.00045095341435323161, 0.00066121706428627169, 0.00044946280346872908, 0.0004483727292002489, 0.0044574056131144362, 0.00051610567606985569, 0.00069719116436317563, 0.00067895637281859911, 0.00048591218849954504, 0.00065987264194215334, 0.00052672329669197404, 0.00054249594298501813, 0.00058603461366146803, 0.00044061256145748001, 0.00047374807763844728, 0.00045815242143968743, 0.00056945532560348511, 0.00043690689684202272, 0.00055435709267233812, 0.0005051030505759021, 0.00057845826571186387, 0.00044554280854451161, 0.00070764176780357957, 0.00049897642262900865, 0.00057735070974255598, 0.00045096793716462952, 0.00073430648383994901, 0.00046480652720977861, 0.00045898078436342377, 0.00058157022188728058, 0.00045125025402133662, 0.00050350315480803454, 0.0005936901240299145, 0.00049119967540415621, 0.00045782777791221935, 0.00044397080394749838, 0.00045727733716679114, 0.00045809235113362473, 0.00043813993882698316, 0.0004610728259043147, 0.00049546574397633469, 0.00052767454568917549, 0.00045280320531067747, 0.00044734952583288151, 0.0062630266572038336, 0.00054505981582527363, 0.00049573270371183753, 0.00052144970201576746, 0.00045066734310239553, 0.00047045109871154028, 0.00049789892121528589, 0.00052831496577709913, 0.00054179956593240297, 0.00048798677744343877, 0.00047848094254732132, 0.00053015543380752206, 0.00044016794223959249, 0.00049891935971875989, 0.00053237564861774445, 0.00066078914096578956, 0.00048397846209506196, 0.00045788855641148984, 0.00055557516558716691, 0.00060362997464835644, 0.00059261881203080213, 0.00051696375400448835, 0.00044716030242852867, 0.00043726080912165344, 0.00044129831561197835, 0.00046144173635790747, 0.00064181086296836532, 0.00056944663325945533, 0.00050671470429127419, 0.00053186157795911038, 0.00051678022524962819, 0.00063716789009049535, 0.00043235082800189656, 0.00046261902510498959, 0.0004763827406956504],