{"mean_squared_error": [0.0023393337821794881, 0.0016818582526563356, 0.0015766516521883507, 0.001468057054767592, 0.00076360508101060989, 0.00081278019933961332, 0.00059472568423694211, 0.00060041297304754459, 0.0009133844083407894, 0.00048217409477931345, 0.00045648187482988254, 0.00047456545224930678, 0.00031725888693472369, 0.00045468865201756773, 0.00049400603359875579, 0.00051242857120491355, 0.00041341180654449593, 0.00035184975034402064, 0.00037513832859177555, 0.00039110110341829973, 0.00029812555068120777, 0.00037120865017641335, 0.00040034792036749425, 0.00029852340295393435, 0.00048728259668375055, 0.0003254791508273532, 0.0004781906046749403, 0.00038835998210642072, 0.00054664259174993883, 0.00055798355185995917, 0.000415250343697456, 0.00037152538198925971, 0.00034152404631539765, 0.00044712144234735105, 0.00039300416570363773, 0.00036573793493314749, 0.00039272263335684936, 0.00044562819594931271, 0.00038498283635514478, 0.00039033147428805631, 0.00041768571051458515, 0.00041487470217463042, 0.00040390837821178136, 0.00044343809099195317, 0.00042153697641980316, 0.00043343432997870778, 0.00045751548022963104, 0.00046021607251734369, 0.0004910326446406543, 0.00048396414608254822, 0.00052793531762694731, 0.00057992075130136481, 0.0005965037197003969, 0.00054435963651889728, 0.00056976027683251437, 0.00056118604681816781, 0.00057097807552458516, 0.00057993273561199505, 0.00062924977909359662, 0.00068581849789350392, 0.00061497643667583659, 0.00070463361658362875, 0.00065378301272479193, 0.00066781032364815474, 0.0006389686372131109, 0.00068777698713044322, 0.00066509418215395671, 0.00069435923780676806, 0.00066998840840015977, 0.00069042121144270317, 0.00067255082863589954, 0.00070814715775971611, 0.00081868916361903146, 0.00085530137811373503, 0.00071198361951650842, 0.00075121805097700821, 0.00074054782938522601, 0.001070043676170624, 0.00087469473752814031, 0.00071259181649010214, 0.00083896883039010894, 0.00079079910647124048, 0.00078355496904502315, 0.00077885908605013459, 0.00075402312019529441, 0.00074777195760462845, 0.00080503051641345441, 0.00084542696131393311, 0.00089777458601424261, 0.0007940998268572407, 0.00074838912308526531, 0.00082341985511852225, 0.00084928904284930064, 0.00081416895910580128, 0.00085726524832554986, 0.00098056973980015357, 0.00079740241635590787, 0.00080686485550055898, 0.00081968181863582379, 0.00072492762248859636], "loss": [3.8543058713277181, 3.5101995415157741, 3.1980024019877118, 2.9162886036766902, 2.6594335661994086, 2.4268851227230495, 2.2142477724287244, 2.0205463144514297, 1.8445671134524875, 1.6822359641393025, 1.5345121410157945, 1.3996638059616089, 1.2757790856891209, 1.1631163040796915, 1.0601616091198391, 0.96559461355209353, 0.87902449899249602, 0.79987673494550915, 0.72757162782880991, 0.66158996423085525, 0.60112312104966903, 0.54596894979476929, 0.49556122355990939, 0.44923964275254141, 0.40786866876814099, 0.36932742065853541, 0.33445863591300118, 0.30247533122698467, 0.27508743272887337, 0.24825318687491946, 0.22339861657884386, 0.20125114752186668, 0.18163571655750274, 0.16422769460413192, 0.14731210569540659, 0.13243124849266477, 0.11945347570710713, 0.10711975942055384, 0.095978290008174053, 0.086458915637599096, 0.077288419504960376, 0.069544994665516752, 0.062177493671576184, 0.056127012769381208, 0.050107482075691226, 0.044900212271345989, 0.039955355475346246, 0.035837144156297046, 0.032496051697267429, 0.029057379149728352, 0.026377382750312487, 0.023734002850121921, 0.021545993040005366, 0.019049326827128728, 0.017134922370314599, 0.015669852743546167, 0.014232072399722205, 0.012954898675282796, 0.012141597477926149, 0.010732885201772053, 0.0095718114740318723, 0.0097460471093654636, 0.0085803638315863073, 0.007925825959278477, 0.0068841993084384333, 0.0067122146176795162, 0.0064894611429837015, 0.0060651483635107677, 0.005503443380196889, 0.005525615738911761, 0.0050983836253484091, 0.0047786637519796693, 0.0044121330500476886, 0.0044606284755799508, 0.004252868321620756, 0.0044864469311303567, 0.0041228580081628429, 0.0037538835468391577, 0.0042375379138522677, 0.0045153764697412647, 0.0042848486763735613, 0.0043147287538482081, 0.0038829798603223428, 0.0043690290612479052, 0.004448249915407764, 0.0041390302073624399, 0.0041060124213496843, 0.0038284580637183456, 0.0046848031071325142, 0.0041537076441778079, 0.0042733773071732782, 0.0035589740818573368, 0.0046388781629502773, 0.0037551491831739744, 0.003340244603653749, 0.0036287085981004767, 0.0040502488509648379, 0.0034690786515259079, 0.0039281689044502049, 0.0042324592980245747], "val_mean_squared_error": [0.00018819939577952027, 6.1593424713161468e-05, 0.00024655516123554361, 0.00011281570186838508, 9.4792689196765423e-05, 0.00010652433168919136, 8.5976646611622229e-05, 8.7135667854454368e-05, 3.5779680426154904e-05, 8.339794779506822e-05, 4.1951424160894625e-05, 4.0957398596219718e-05, 0.00011789478109373401, 0.00016550822571540871, 5.2273695473559201e-05, 6.1463017724842459e-05, 0.00011050009440320234, 8.7175161752384156e-05, 6.1217132800569132e-05, 5.0518962477023401e-05, 6.4712425228208303e-05, 4.8568981583230197e-05, 6.5507831701931238e-05, 7.6500517025124282e-05, 5.6842925308349855e-05, 0.0001509523184116309, 8.5477169098642961e-05, 6.1843141641778246e-05, 7.5969459430780262e-05, 6.3002875928456589e-05, 6.4782365370774642e-05, 7.2385737439617515e-05, 0.00074720188664893306, 0.00011131615368261312, 8.424254580556105e-05, 0.00011816364227949332, 0.00013865629686430717, 9.8657922838659332e-05, 8.4998949508493141e-05, 8.844231827727829e-05, 9.0479297796264291e-05, 8.9051524507037058e-05, 9.8997125557313367e-05, 9.7319685058513031e-05, 0.00013365355456092706, 0.00010867036811153714, 0.00010785679478431121, 0.00012643439064656073, 0.00011004128221732874, 0.00013852316866784045, 0.0001217798101909769, 0.00023499691936497888, 0.00013986980047775432, 0.00014187487734792134, 0.00017808125994633883, 0.0001304698622940729, 0.00013795359215388694, 0.00021153864023896554, 0.00014454511983785778, 0.00014080612648588917, 0.00045366806443780661, 0.00015263989431938776, 0.00024409637747642895, 0.00015289964115557572, 0.00016573088942095637, 0.0002027901258164396, 0.00021879753815786293, 0.00017898604952885458, 0.00016424285907608768, 0.00019667378122297427, 0.00016462441029337546, 0.00034819342545233667, 0.00025252678703206283, 0.00021735210126886764, 0.00028251594631001353, 0.00016699282665892193, 0.00023176961985882372, 0.0002542880829423666, 0.00023866421543061733, 0.0001990565360756591, 0.00017499290697742254, 0.00016569302533753216, 0.00026931112612752867, 0.00017367844702675939, 0.00016752912294274816, 0.00017071432375814766, 0.00016588529009216776, 0.00027094822144135833, 0.00018038478447124362, 0.00031191775148424011, 0.00016581070182534555, 0.00032611243659630418, 0.00017333145175750056, 0.00028076118906028569, 0.00028000999979364377, 0.00021810703037772328, 0.00018776005405622223, 0.00025378511539505172, 0.00017112195200752467, 0.00016584431189888468],