{"mean_squared_error": [0.0049858014513221053, 0.0049643191289053196, 0.0049650494630138079, 0.0049642649957806701, 0.0049641002693937885, 0.0049641079586257948, 0.0049643375322274454, 0.0049640837979192535, 0.0049643295710363111, 0.0049644060174210206, 0.0049642227318448329, 0.0049644473836653758, 0.0049636095626434933, 0.0049640526128415432, 0.0049648657602827167, 0.004964554492228975, 0.004963990680537083, 0.0049642906918759564, 0.0049643964435543038, 0.0049643817163693409, 0.0049640720192756921, 0.0049642410672580206, 0.0049645404551281695, 0.0049642741259756599, 0.0049644460487696862, 0.004964218362389753, 0.0049642297982548673, 0.0049641277569915272, 0.0049645253657622053, 0.0049640813700130414, 0.0049637195285564912, 0.0049637391917510994, 0.0049644095920181519, 0.0049640983892863411, 0.0049647253925084239, 0.0049641050463024939, 0.0049645151567852333, 0.0049646367409473492, 0.0049639830035933608, 0.0049640256601075333, 0.0049646643100358136, 0.0049641145276837053, 0.0049648004415858947, 0.0049643165988123251, 0.0049645291085148027, 0.0049648244050331412, 0.0049643078353255989, 0.0049645891710598435, 0.0049647368704124045, 0.0049644420712461898, 0.0049647631796283856, 0.0049647743141071664, 0.0049644306004564794, 0.0049639715554399624, 0.004965128986320148, 0.004963958798907697, 0.004964271957416915, 0.0049642325527707318, 0.004964357645561298, 0.0049643382132570774, 0.004963658299917976, 0.0049643107178983176, 0.0049644681728548473, 0.0049647162021655179, 0.00496462028240785, 0.004963962663896382, 0.0049641350077258214, 0.0049642351934582824, 0.0049643465382460915, 0.0049645844394237632, 0.0049644587063489279, 0.0049645392521698445, 0.0049644842705068486, 0.0049646782003239624, 0.004964547145128664, 0.0049647223605360424, 0.0049646431295615103, 0.0049638208784421696, 0.0049646911120766564, 0.0049645540899493626, 0.0049644547113631334, 0.0049642332409146348, 0.0049644314606363572, 0.0049643687192454109, 0.0049641268580065418, 0.0049645790131762624, 0.0049642288520570016, 0.0049644875941642873, 0.0049647095516168827, 0.004964707599719986, 0.0049644735056467151, 0.004964741606575747, 0.004964202808656005, 0.0049648066018966753, 0.0049644553710499568, 0.0049641594950420162, 0.0049643378905279353, 0.0049643678532447664, 0.0049641488585621119, 0.0049644101779752724], "loss": [49.501051934560138, 2.4828369167115953, 0.82909583648045859, 0.7843108812967936, 0.78376322984695435, 0.78212744924757216, 0.78271215094460378, 0.78184122112062238, 0.78208927975760567, 0.78096061415142481, 0.78239206870396927, 0.7805321494738261, 0.78232580953174169, 0.78026439216401844, 0.78202791876263089, 0.78098515139685731, 0.78113506502575347, 0.78053521050347219, 0.78128800921969943, 0.78002741204367743, 0.78130684031380548, 0.77994177473915949, 0.78117779228422379, 0.78049083418316312, 0.78048291206359866, 0.77970836559931433, 0.78123655054304331, 0.77974189122517901, 0.78106900321112738, 0.77955884536107378, 0.78121772607167561, 0.7800935321384006, 0.78037541839811542, 0.77936012479994032, 0.7803604854477777, 0.78006691932678218, 0.7807221041785346, 0.77908935414420233, 0.78104148970709908, 0.77959584262635973, 0.78054407305187645, 0.77926552295684814, 0.78062912755542335, 0.77980620728598704, 0.78051391575071549, 0.77925062974294024, 0.78039369450675111, 0.77977224323484629, 0.77991048494974768, 0.77911499738693235, 0.78018796046574912, 0.77916674878862169, 0.7803574244181315, 0.77910076777140302, 0.78071741925345528, 0.77909872266981339, 0.78004116879569163, 0.77911231782701285, 0.78031462828318277, 0.77917690806918671, 0.78010825316111243, 0.77894717190000751, 0.7800163825352987, 0.7794119411044651, 0.77952135801315303, 0.77865220573213367, 0.78025126987033422, 0.7786668989393446, 0.78031526406606033, 0.77844396299786034, 0.78025767405827839, 0.77947702407836916, 0.77946462631225588, 0.77866830031077072, 0.7798257390658061, 0.77899856832292347, 0.77991707854800751, 0.77839369508955214, 0.77962956825892127, 0.77914558119244048, 0.77951808770497644, 0.77845456335279672, 0.7800117492675781, 0.77864202128516302, 0.78022708760367498, 0.77840246491962006, 0.77999301354090378, 0.77886019150416053, 0.77936579121483696, 0.77863878806432085, 0.77943243185679123, 0.77891379594802856, 0.77945289081997338, 0.77820094161563447, 0.78014422257741289, 0.77835239701800873, 0.77956227858861282, 0.77862703535291888, 0.77972140842013893, 0.77871575885348854], "val_mean_squared_error": [0.0014150840773557623, 0.0014325811256033678, 0.0014197987620718777, 0.0014234866442469258, 0.0014276480457435052, 0.0014244128445473809, 0.0014217816448460023, 0.0014236066490411758, 0.0014272633319099743, 0.0014246905921027064, 0.0014250285069768627, 0.0014219026003653805, 0.0014286702304768066, 0.0014289698253075283, 0.001422909398873647, 0.0014209147775545716, 0.001420845549243192, 0.0014229239507888753, 0.0014214904125158985, 0.0014232284544656675, 0.0014271771263641615, 0.0014276977938910325, 0.0014297340724927683, 0.0014271303468073409, 0.0014269510866142809, 0.0014238566509447992, 0.0014256219146773219, 0.0014239127631299198, 0.0014214712427929044, 0.0014216677712587018, 0.0014275107726765175, 0.0014223599573597312, 0.0014221110614016652, 0.0014232987499174972, 0.0014268137747421861, 0.0014248644971909623, 0.0014263560685018699, 0.001424242490126441, 0.001422289739518116, 0.0014273021758223574, 0.0014230025893387694, 0.0014277387332792084, 0.0014263040696581204, 0.0014229211762237053, 0.0014247931928063433, 0.0014276359579525888, 0.0014242057222872972, 0.0014289337947654228, 0.0014228238918197651, 0.0014290321269072592, 0.0014218154634969931, 0.0014222956766995292, 0.0014277467077287536, 0.0014279646178086598, 0.0014209225967836876, 0.0014266625512391329, 0.0014260195894166827, 0.0014219675407124062, 0.0014265525775651138, 0.0014193176563518743, 0.0014261534864393373, 0.0014256304712034762, 0.0014281184606564541, 0.0014280759108563263, 0.0014291787131999929, 0.0014241804213573535, 0.0014260978011103969, 0.0014267979034533103, 0.0014170731495444973, 0.0014244679477997124, 0.0014270787748197715, 0.0014226394899499912, 0.0014316972810775042, 0.0014219899312593043, 0.0014246968397249777, 0.0014291857175218563, 0.0014218943930851917, 0.0014283077131646376, 0.0014183901366777718, 0.001427319657523185, 0.0014276913134381175, 0.0014220527955330908, 0.0014228573224196832, 0.0014271428032467763, 0.0014253742022750278, 0.0014227855329712231, 0.0014223051451457043, 0.0014256516199869413, 0.0014241510458911459, 0.0014208177841889362, 0.001423072050480793, 0.0014254116492035489, 0.0014223562320694327, 0.0014294097394061585, 0.0014210934362684686, 0.0014232613223915298, 0.0014194401640755434, 0.0014199974054160218, 0.0014268336817622185, 0.0014251997345127165],