{"mean_squared_error": [0.0049826645059511069, 0.0049266205389156114, 0.0049546700339609135, 0.0049541294522997409, 0.0049613570875307132, 0.0049581360227117935, 0.0049583295994024314, 0.0049601307009450261, 0.0049594293400231334, 0.0049588764028158042, 0.0049596030782494277, 0.0049613092715541521, 0.0049607463051668469, 0.0049615235740525857, 0.004962820240891435, 0.0049631903433085727, 0.004960931896413159, 0.0049610003149913005, 0.0049598697346583424, 0.0049611279352878533, 0.0049614037788059152, 0.0049618459132034333, 0.0049617401880419085, 0.0049626893874826945, 0.0049616489637022221, 0.0049604521986717975, 0.0049593002444857526, 0.00496121651893999, 0.0049615020068207137, 0.0049610126213843206, 0.0049614777872597588, 0.0049617058804465666, 0.0049615067306957722, 0.0049633670365437869, 0.0049616991063683395, 0.0049637716936154494, 0.0049630791518009369, 0.0049646314983773565, 0.0049613705849171508, 0.0049614911071128318, 0.0049631105910521002, 0.0049641011774332984, 0.0049616612985523209, 0.00496609075473518, 0.0049614143221535616, 0.0049611913389526309, 0.0049609341341743454, 0.0049609011866980132, 0.0049609951959508989, 0.0049624242095483674, 0.0049621538569529855, 0.0049616279572041498, 0.0049644575725930435, 0.0070046723522763287, 0.006371017630186139, 0.0049866625010812037, 0.0049482105467985905, 0.0049479458054217202, 0.0049406590282968761, 0.0049418462336891225, 0.0049410022704655101, 0.0049419488428005332, 0.0049409586612859536, 0.0049398569493658015, 0.0049392321062946901, 0.0049432364279507765, 0.0049442606596534861, 0.0049448554740390846, 0.004943805424651752, 0.0049445318834235273, 0.0049462136712261576, 0.004946704667397878, 0.0049485735795719342, 0.0049482690859197946, 0.0049474695581011472, 0.0049488214103298057, 0.0049494046462415196, 0.004948979448656448, 0.0049515607204133026, 0.0049497388005774051, 0.0049540077814728845, 0.0049511854549766417, 0.0049514975922647867, 0.0049507944379001854, 0.0049531101275028452, 0.0049518551266778052, 0.0049521784369264627, 0.0049557130415147791, 0.0049501671171229746, 0.0049539952170259008, 0.0049531800568931635, 0.0049528709606319254, 0.0049549589813169502, 0.0049561817237796886, 0.0049515982682351023, 0.0049517450084547616, 0.0049522086576972574, 0.0049532833308654116, 0.004953121461181177, 0.0049553844049417721], "loss": [3.9849502311812506, 0.10753473507033454, 0.010759558870146672, 0.0073219260356078546, 0.006603173280341758, 0.0062335948563284347, 0.0060980091233634286, 0.0060446656024497414, 0.0060276088615258535, 0.0059963140843643081, 0.0059957127992270719, 0.0059928772453632616, 0.0059904267287088763, 0.0060084188279385369, 0.0060068790361078248, 0.0060031273557494087, 0.0059936636334492104, 0.0059920412229581008, 0.0059822516360630591, 0.0059901706279358929, 0.005986031698476937, 0.0059860432494638696, 0.0059884884446445436, 0.0059910708909026453, 0.0059890790868343579, 0.0059870744667326415, 0.0059898285014140934, 0.0059985749733944731, 0.0059920842448870342, 0.0059881743250621688, 0.0059833184660722811, 0.0059881394961848857, 0.005991261856009563, 0.0059915437699399063, 0.0059854990181823576, 0.0060110741269050376, 0.0060014382341048783, 0.0060253160850455368, 0.0059961322125875287, 0.0059869018331584001, 0.0060002808614323536, 0.0060019516411961779, 0.0059898377163335684, 0.0060151851425568259, 0.0059912020366431938, 0.006001906578118602, 0.005991631435851256, 0.0059903255586201947, 0.0060017167926869463, 0.0060082917515602375, 0.0059933894883013438, 0.0060037192112455768, 0.0060182268576075637, 0.027792390063405038, 0.084624545938438836, 0.015826557307607597, 0.0095176439628832862, 0.0082771897729900148, 0.0075975014310744075, 0.0072100407340460349, 0.0069353475183662437, 0.0067440884136077432, 0.0065888185933646228, 0.0064846783152057068, 0.0063922172877937554, 0.0063352786909995811, 0.0062960987858888175, 0.0062442088422055043, 0.0061890887924366525, 0.006158531268334223, 0.0061459978525009416, 0.0061284331035696797, 0.0061058995520903003, 0.0060835130667934818, 0.0060708090895786881, 0.0060556401679706245, 0.0060602181513483323, 0.0061019226132581631, 0.0060604255568856994, 0.0060290061532416277, 0.0060579676310428317, 0.0060424421603480971, 0.0060261213970887991, 0.0060143827124395305, 0.0060209601496656736, 0.006032798485830426, 0.0060210139723494652, 0.006044726777407858, 0.0060137946934749687, 0.0060135346061239636, 0.0060033444289325014, 0.0059999317085991299, 0.0060127065646358663, 0.006049638466599087, 0.0059963711020019315, 0.0059872557667808397, 0.0059976425668638615, 0.0060186426362229721, 0.0059946694980478948, 0.0060010179178789256], "val_mean_squared_error": [0.0013860327696117263, 0.0013956073865604897, 0.0014126321766525507, 0.0014275838232909639, 0.0014235532726161182, 0.0014108489655579131, 0.0014159661174441378, 0.0014239891703861456, 0.0014153048396110535, 0.0014238395184899371, 0.0014153318867708247, 0.0014150716985265415, 0.0014267925483485062, 0.00142568169394508, 0.0014376650021101038, 0.0014124814382133384, 0.001422571678025027, 0.0014171979079643886, 0.0014335243225408096, 0.0014305059642841418, 0.0014158653987882037, 0.0014190153645661969, 0.0014216787725066145, 0.0014379377438065906, 0.0014197562316743035, 0.0014215531215692561, 0.0014422981961009402, 0.0014384520278933148, 0.0014154191788596411, 0.001416536804754287, 0.001413007751883318, 0.0014191487959275644, 0.0014259066277494032, 0.0014190666455154617, 0.0014355042949318886, 0.0014176500456718106, 0.001410704377728204, 0.0014210569594676297, 0.0014327080959143739, 0.0014227585828242202, 0.0014138425661561389, 0.0014348706463351846, 0.0014412165619432926, 0.001434073259588331, 0.0014300622860901058, 0.0014208248467184603, 0.0014243801900496085, 0.0014253436432530482, 0.0014458593407956262, 0.0014224867336452007, 0.0014334679969275992, 0.0014299667091108859, 0.0014027830911800265, 0.0013787863426841795, 0.0013034234677130978, 0.0013488344072053831, 0.0013583748562571902, 0.0013636296692614753, 0.0013536103069782257, 0.0013818224930825334, 0.0013580088076802592, 0.0013886857195757329, 0.0013984331356671949, 0.001379697253772368, 0.0013769948078940313, 0.001386056615350147, 0.0014102124453832705, 0.0014058059314265847, 0.0013993090833537281, 0.0014049907331354916, 0.0013815386725279193, 0.0014174653527637322, 0.0013990137570848067, 0.0014025704197896023, 0.0014108825901833673, 0.0014077372034080327, 0.0013893519062548876, 0.0013947952926779787, 0.0013965164350035291, 0.0014098718917618196, 0.0014368184880974393, 0.0014059502476205428, 0.0014225597066494327, 0.0013993137593691547, 0.0013975594192743301, 0.0014059430880782504, 0.0014187381408798199, 0.0014384422490062814, 0.0014317754151610036, 0.0014071368883984785, 0.0014183910097926855, 0.001426206804656734, 0.0013970980459513764, 0.001418064678243051, 0.0014131222269497812, 0.0014209439783977966, 0.001403740393773963, 0.0014151881138483684, 0.0013993393707399566, 0.0014155729052921135],