{"mean_squared_error": [0.0033761424814454381, 0.001718731357767764, 0.0011897694203071296, 0.00079419404824471304, 0.00076456144064043958, 0.00072088881101485135, 0.00054478164982154134, 0.00047500209313713844, 0.0004951732724698053, 0.00040063408572071544, 0.00052454565593507141, 0.00042720551201556292, 0.00028063071723509995, 0.00059768833905561927, 0.00060182570822588685, 0.00049685039363491044, 0.00055004730820655827, 0.00060856451034649382, 0.0003384588981538804, 0.00029709532746993419, 0.00045152695319201382, 0.00037138541002706109, 0.00031906144431559369, 0.00033323212119285017, 0.00031290214942095596, 0.00030072934540738869, 0.00043875341200166277, 0.00032893956069731051, 0.00041127616099806294, 0.00034396801945856876, 0.00034999993804376575, 0.00037022179490627926, 0.00058276380425215601, 0.00037347320693596785, 0.00042592980187489756, 0.00035594761817871282, 0.00038557261933520849, 0.00038317697568951794, 0.00038124833631122279, 0.00043402706214692446, 0.00045313384487397139, 0.00043788928047029511, 0.00040709539672308082, 0.0004389000642630789, 0.00046870965064348032, 0.00048804048112490112, 0.00052049970739365863, 0.00056818332975833781, 0.00054453768728611365, 0.00060654471389069741, 0.00055058473371900614, 0.00055192495476351019, 0.00057748488939574191, 0.00058702423379549545, 0.00064479399588890374, 0.00064846148015931251, 0.00058292679087672793, 0.00059207359639306865, 0.00060175995685211902, 0.00065967495773091081, 0.00077912452397868039, 0.00062161157839000223, 0.00068535317421062952, 0.00064607253330500999, 0.00068968351746055603, 0.00065456607909355731, 0.00068331747687706314, 0.00074505322328251267, 0.00067244259731119701, 0.00068966354786728818, 0.00072929230647989451, 0.00072992703450533252, 0.00076230554194707013, 0.00076714096164020402, 0.00076156107307825656, 0.00075845758773438214, 0.00068406976060941815, 0.00077672111672452758, 0.00093516065454524427, 0.00096333760302513838, 0.00071245975688927709, 0.00072474158239654364, 0.00071578545094881619, 0.00080218721349309711, 0.00073746020530557463, 0.00072654844940795251, 0.0007069087651972142, 0.00082538683200255041, 0.00078367747224142986, 0.00078265043169570465, 0.00073768957129990065, 0.00087341476723344787, 0.00084211833309382205, 0.00090282123031405108, 0.0007288716067301316, 0.00076861909603596565, 0.00071015894387124311, 0.00078196256589661871, 0.0010171486734179779, 0.00072472779752893578], "loss": [3.8464455816480849, 3.4996843708886041, 3.1859544648064508, 2.9024136808183458, 2.6460580666859945, 2.4125086890326606, 2.19894855817159, 2.0043413241704306, 1.8268077929814657, 1.6645556847254435, 1.5162082751592001, 1.3807362900839912, 1.255981273121304, 1.1430667108959622, 1.039220592710707, 0.94430703189637921, 0.8582098285357157, 0.77865733305613205, 0.70619893206490414, 0.64044047858979969, 0.58015329837799068, 0.5250760859913296, 0.47547974255349901, 0.42953896257612439, 0.38799025151464672, 0.35026256309615239, 0.31626681420538161, 0.28490728139877319, 0.25694468683666655, 0.23138225608401827, 0.20788460705015394, 0.18675019376807742, 0.1683703104654948, 0.15076049235132005, 0.13506427804629009, 0.12083203378650877, 0.108075935807493, 0.096831963459650672, 0.086342627637916142, 0.07756929430696699, 0.069593888852331379, 0.06157241256700622, 0.054862124141719606, 0.049038959708478713, 0.044104988376299538, 0.039557263337903555, 0.035674540284607148, 0.032267678735984698, 0.028041269050704108, 0.02546631975306405, 0.022279882348246044, 0.020126034981674618, 0.018714655149314138, 0.01628025621175766, 0.015304402820765972, 0.014281305960483021, 0.012412030394706461, 0.010798252394629849, 0.010373809788790014, 0.0088188010578354199, 0.0085402190374831363, 0.0077700828098588521, 0.0076680781837138862, 0.0070203200810485412, 0.0068505541317992738, 0.0060999816283583645, 0.0062153130562769042, 0.0061260649106568759, 0.0053534437695311179, 0.0054339161039226582, 0.0050036334225700965, 0.004962142701778147, 0.0047838405395547552, 0.0050217890801529091, 0.0045394074171781536, 0.0048623898583981728, 0.0047369215844406025, 0.0038071578782465721, 0.0035253151319921015, 0.0042017525475886129, 0.0041370611896531448, 0.0041982956023679839, 0.0042967369159062707, 0.0045079907919797629, 0.0040897690587573584, 0.004454715425769488, 0.0042907876893877985, 0.0041620169869727563, 0.0037617216714554364, 0.0042028285149070949, 0.0041109587272836106, 0.003577991228343712, 0.0036418985213256543, 0.0039733994389987651, 0.0042971106142633492, 0.0040909709926280711, 0.0038518301935659516, 0.0036902761707703273, 0.0034913769509229394, 0.0037334050207088391], "val_mean_squared_error": [0.00066933611136240267, 0.00032646726564659428, 0.00013924546025615805, 8.9831917042223111e-05, 8.206628990592435e-05, 9.5497178942120328e-05, 0.00010459384308584656, 9.186200865466769e-05, 4.6531091356882825e-05, 4.6825631822381787e-05, 8.002528435705851e-05, 5.2562285418389365e-05, 0.00017308338768392181, 0.00011857230614017074, 8.9538402486747756e-05, 4.8958801926346496e-05, 0.00010422940734618653, 5.6094319006660953e-05, 6.0952372829585023e-05, 7.0674963353667408e-05, 6.3392139660815402e-05, 7.2116685866300642e-05, 5.2258738530023642e-05, 5.6018425918106608e-05, 9.2613857608133302e-05, 4.8041502547372751e-05, 6.7317801343354702e-05, 8.3730670060807214e-05, 5.7396145469586678e-05, 6.4310935461738453e-05, 6.6206726235880822e-05, 7.4001720349770039e-05, 8.7555400871982173e-05, 9.123678076624249e-05, 6.957455722537513e-05, 6.8341287260409445e-05, 8.4492991542598858e-05, 7.3822498961817473e-05, 9.8943783086724579e-05, 8.7509938263489559e-05, 9.224934668357794e-05, 9.8522922295766577e-05, 8.7239869268766298e-05, 9.0441009281979248e-05, 0.00011411557352403179, 0.00013169231048474708, 0.00010002195146322872, 0.00012513050508763021, 0.00010532518111479779, 0.00011494215383815269, 0.00015253799695832035, 0.00014587956926940629, 0.00013237281382316723, 0.00017246716015506536, 0.00030012001904348534, 0.00016607503251483044, 0.00019170447679546973, 0.00015259915865802517, 0.00030365253527027863, 0.00016768407658673823, 0.00013841257896274328, 0.00016178720882938555, 0.00014838923137479773, 0.0001894502881138275, 0.00016509735238893578, 0.00030001099609459442, 0.00015329459468678883, 0.00016178136866074055, 0.00026618963844763738, 0.00024446570023428649, 0.00017663892261528721, 0.00015522580360993743, 0.00031952050630934536, 0.00016716884177488586, 0.00030792303732596338, 0.00021316476825935146, 0.00015898722146327296, 0.00023857110257570943, 0.00022980872502860925, 0.00020965589404416582, 0.00020198887311077365, 0.00025910412659868598, 0.00016242188091079393, 0.00016059052722994238, 0.00018303073981466392, 0.00027736330715318519, 0.00016338600835297257, 0.00020934812588772425, 0.00025659753494740772, 0.00023240246810019016, 0.0001881487745170792, 0.00029679897124879062, 0.00021477810999689004, 0.00016237562522292137, 0.00016185200850789747, 0.000178976920627368, 0.00019800149796841046, 0.00020436374567604312, 0.00025699343920374912, 0.00018052457501956573],