{"mean_squared_error": [0.0022866175068581166, 0.0010286605603242707, 0.0012639261685156574, 0.0012923401598527561, 0.00054892435234958408, 0.0003943030229291051, 0.00044704103198051195, 0.00047515451102905597, 0.00032880250768761872, 0.00038112217330813614, 0.00031056122647391427, 0.00035611252694959855, 0.00039083203236158523, 0.00041065939488665513, 0.00037769816893463336, 0.00037971521184469265, 0.00041231052552272255, 0.0004533373024767368, 0.00048861305711195909, 0.00053192554720832654, 0.00053334393532067121, 0.00058967154440728742, 0.00057122473630847204, 0.00069436954945558684, 0.00076409789390810253, 0.00078582852567908254, 0.00084044007461569787, 0.00087571257479592327, 0.00093500026236546948, 0.00092731044375492884, 0.0010063242180169457, 0.0011072123908282569, 0.0010415722389653739, 0.0011093338980572298, 0.0011145396863058623, 0.0011112004621989197, 0.0011347214245082189, 0.0011843464647730191, 0.0012015321243476742, 0.0011865527876782128, 0.0012026273192734353, 0.0012041350192804304, 0.0013054533777499778, 0.0012362690484021893, 0.0012540046672155666, 0.0011101348532570733, 0.0013115577173367556, 0.0012891917334248622, 0.001278100852181928, 0.0012768483678680948, 0.0012161783615334165, 0.0012903936734397171, 0.0012777508029507265, 0.0012863346837952527, 0.0012640182300755339, 0.0013331001423971935, 0.0012547304957277244, 0.0012905988027341665, 0.0013326914483008699, 0.0013533941563865584, 0.0012328158983210516, 0.0013192514138710167, 0.0012927550537925627, 0.0013378226195022258, 0.0012264910189615976, 0.0013350771009249405, 0.0012966546553394034, 0.0012506493402826082, 0.0012357286995716599, 0.0012587510670224826, 0.0012115402082498704, 0.0012076549875524101, 0.0012593948334041569, 0.0013361104304850516, 0.0012908691627671943, 0.0011855414243958269, 0.0012778969714418054, 0.0012620047944235718, 0.0012976942981670922, 0.0012381231328213794, 0.0011858663566979683, 0.0012750382056563264, 0.0012837852810561243, 0.0014139248746990536, 0.0012414381603270562, 0.0012263630600904839, 0.0012910354410349909, 0.0011671052721794694, 0.0012836111428138489, 0.0012826598132960499, 0.0012254496050041375, 0.0013337724023990125, 0.0012610484069834154, 0.0013421053209135103, 0.0012240675210099046, 0.0012602758868726798, 0.0013071846714915914, 0.0013262180449803256, 0.0012245340631731475, 0.0012588678606941055], "loss": [3.5579719861348469, 2.9526061905754939, 2.4563596619500054, 2.0449099938074746, 1.7001493692398071, 1.4126828591028848, 1.1729342513614232, 0.97176217503017848, 0.80388979249530368, 0.66371682220035133, 0.54638593594233198, 0.44946427543958029, 0.36821448670493234, 0.3014088319407569, 0.24536281426747639, 0.19981762369473774, 0.16160884400208791, 0.13086211880048115, 0.10544809417592155, 0.084751870565944243, 0.067868652360306841, 0.05419588569137785, 0.043382287604941262, 0.034912467085652883, 0.027782324204842248, 0.022112124744388791, 0.01786335508028666, 0.014402989318801298, 0.011755590016643206, 0.0098158458247780793, 0.0081320380792021755, 0.0069378866296675471, 0.0059149930357105199, 0.0052272422549625242, 0.0047990154733674392, 0.0043294229337738624, 0.0040155847608629204, 0.003777933751957284, 0.0037062475716488231, 0.0035808987346374328, 0.0035164198631213771, 0.003433023253455758, 0.0033358105096138184, 0.0033993535312927432, 0.0032497944724228646, 0.0039289259351789948, 0.0034597355199770794, 0.0032538793308453428, 0.0033377503148383563, 0.0033517227145946687, 0.003376275378589829, 0.0033404604376604161, 0.0033150197989824746, 0.0034005311059041154, 0.0033310442076375088, 0.0034457333075503509, 0.0032412986478043927, 0.0034974219277501108, 0.0033808391644722887, 0.0034157849434349272, 0.0033241243153396579, 0.0034351960497183932, 0.0035402766377147701, 0.0033280054159048533, 0.0033173813743309841, 0.0032414859626442192, 0.0031925330611152782, 0.0032695039848072661, 0.00323749592838188, 0.0031949603826635412, 0.0034823763184249402, 0.0032474357738263076, 0.0033051351964887643, 0.0033953211166792446, 0.003205567945001854, 0.0033693754217690892, 0.0032219253273473845, 0.003264674414984054, 0.0031851679655826755, 0.0032111774509151775, 0.0033881860992146864, 0.0033140026291625367, 0.0035409221994794076, 0.0033882570349507862, 0.0032467834910170899, 0.0031751007876462405, 0.0032211894117709665, 0.0032152079563173984, 0.003284523118701246, 0.0033283496068583595, 0.0034179145884182718, 0.0033273681325631009, 0.0036375705877112019, 0.0034098348683781095, 0.0032605607114318345, 0.0032347894635879333, 0.0032276104359577102, 0.0031602267331133286, 0.0034441983379009697, 0.0033656747390826544], "val_mean_squared_error": [6.6723321651807055e-05, 0.00048387583228759468, 0.00012688526718799645, 0.00060437016266708576, 9.7973536564192429e-05, 6.4275842305505648e-05, 0.00013167861470719799, 4.8928657633950934e-05, 5.8604018704500049e-05, 4.7237052664665193e-05, 9.4920584767047941e-05, 8.0525778078784541e-05, 0.00011304808867862448, 6.9864396209595725e-05, 7.8343017473040774e-05, 8.6439836498660341e-05, 6.4912189069824919e-05, 0.00012027716002194211, 0.00014615088730351999, 0.00017085340611326197, 0.00014215214954068264, 0.00010967568717508887, 0.00010759820967602234, 0.0001397958597711598, 0.00017481675846890235, 0.00017164037368881205, 0.00022557177483880272, 0.00020130313835882893, 0.0001918224491722261, 0.0002247124066343531, 0.00024828013071479899, 0.00021971611325473836, 0.00025266654362591606, 0.00027299589904335636, 0.00027363769186194986, 0.00029389591751775396, 0.00027213413462353248, 0.00025754516051771742, 0.00023257753249102583, 0.00032646175047072273, 0.00033235855031913769, 0.00036738081932223093, 0.00027254531354022521, 0.00031695499395330745, 0.00027798771528371918, 0.0003032187863330667, 0.00035256219659155857, 0.00030645718895054114, 0.00027558698881572735, 0.00031961927985927713, 0.00032239766248191398, 0.00028311952579921734, 0.0003276930219726637, 0.00033057651792963344, 0.00030084563574443263, 0.00029587650593991083, 0.00036877805541735142, 0.00029666765476576984, 0.00026511763280723244, 0.00029626232086836052, 0.00032291423606996733, 0.00037212766862163943, 0.00033908004115801305, 0.00030325254677639651, 0.00033319502836093307, 0.00029521153192035854, 0.00026246275228913873, 0.00026099085516761988, 0.00029017370252404362, 0.00035421047747756046, 0.00032813928555697203, 0.00034381852310616523, 0.00035450061356338364, 0.00028359703719615936, 0.00031495847118397552, 0.00029011284641455859, 0.00027205649530515075, 0.00032579084897103411, 0.0003881282949199279, 0.00031233364522146684, 0.0002984208889150371, 0.00030780250866276521, 0.00032227282645180821, 0.0002244739638020595, 0.0002806319632024194, 0.00026777175662573427, 0.00031186010649738211, 0.00029608338566807407, 0.0002525322828053807, 0.00037847953111243743, 0.00032741101070617634, 0.00033326719130855054, 0.0003028702097556864, 0.00030798838512661558, 0.00044319175261383254, 0.00033306286786682904, 0.00031726819482476759, 0.00023925692948978394, 0.0002980162777627508, 0.00031219383527059108],