{"mean_squared_error": [0.091165653367837274, 0.077917541563510898, 0.072041514019171402, 0.071082927286624908, 0.068902228027582169, 0.06817874610424042, 0.055756572385629019, 0.047326151157418887, 0.043295001735289891, 0.039603613192836444, 0.037540833279490468, 0.036327440415819486, 0.035251751293738684, 0.03396446630358696, 0.033743019029498098, 0.033082250133156778, 0.032404244815309839, 0.031543366114298504, 0.031260143717130026, 0.03126303106546402, 0.030482940251628558, 0.030561386048793791, 0.03057080109914144, 0.030265561987956366, 0.030258534476161003, 0.029743456716338792, 0.029068908467888833, 0.029021480431159336, 0.029162899653116862, 0.029173724477489789, 0.028869366894165676, 0.02903844341635704, 0.030003938699762027, 0.030450154220064481, 0.028879731148481368, 0.028941982115308445, 0.028537040327986082, 0.028943599636356034, 0.028702322393655777, 0.028775922457377114, 0.029037430137395858, 0.028907634317874908, 0.028510968387126922, 0.028199655562639238, 0.028011167918642364, 0.028127995754281678, 0.027706114575266838, 0.027780893941720328, 0.02790169691046079, 0.028218475232521693, 0.027528190736969313, 0.027516620357831319, 0.027616460373004279, 0.027707246566812196, 0.027516611913839976, 0.027799264217416447, 0.027739905317624412, 0.02826539712647597, 0.028165238474806151, 0.028714737171928087, 0.028855963548024496, 0.028008358925580977, 0.028124141568938891, 0.027891210094094277, 0.028316322217384973, 0.029124509915709494, 0.02959850529829661, 0.028807378932833673, 0.029635435342788695, 0.028800975655515988, 0.028997316708167395, 0.028268274789055189, 0.028013592461744945, 0.027836836750308673, 0.028273260965943337, 0.028304775059223176, 0.028227269276976587, 0.028034778436024983, 0.028302977109948793, 0.028167156875133513, 0.027856191620230675, 0.027931899329026542, 0.028103373944759369, 0.027800411731004716, 0.027779686575134594, 0.027681318918863933, 0.027694971611102421, 0.027819101264079413, 0.028055591260393462, 0.028090972453355789, 0.028401458884278932, 0.028301257640123367, 0.028236504147450128, 0.028386549154917399, 0.02835269719362259, 0.028115105628967286, 0.02804636905590693, 0.028121675178408623, 0.028184257075190546, 0.027930597836772601], "loss": [16.052948760986329, 15.421838315327962, 14.791484260559082, 14.1876220703125, 13.61989517211914, 13.087715021769206, 12.583301417032878, 12.119655164082845, 11.692185656229656, 11.293782170613607, 10.92388292948405, 10.580503718058269, 10.261016337076823, 9.963250414530437, 9.6868350982666023, 9.4288330713907875, 9.1880377451578781, 8.9630112330118816, 8.7532848993937176, 8.5572649637858067, 8.372989972432455, 8.2007567087809239, 8.0390513420104988, 7.8868014653523764, 7.7434366226196287, 7.6078202565511068, 7.479596296946208, 7.3587599436442055, 7.2444607098897302, 7.1353787740071617, 7.0312804857889812, 6.9328637758890785, 6.8398548444112146, 6.7503766059875492, 6.6632955551147459, 6.5812119166056311, 6.5014912287394209, 6.4253180185953775, 6.3514743804931637, 6.2810522397359216, 6.2126933097839352, 6.1460685412089031, 6.0816378275553387, 6.0191597938537598, 5.9582171122233074, 5.8993319511413578, 5.8415855407714847, 5.7856075604756674, 5.7309595743815107, 5.6779815038045252, 5.6252798398335777, 5.5742862065633139, 5.5242357571919758, 5.4753435770670569, 5.4272651036580406, 5.3802664438883463, 5.333572705586751, 5.2886219978332516, 5.2435580571492517, 5.1997330029805502, 5.1565313339233398, 5.1125791549682615, 5.0704557736714682, 5.0284539858500166, 4.9877550125122072, 4.947985235850016, 4.9083428382873535, 4.8677563667297363, 4.829234441121419, 4.7896822611490881, 4.7514214833577473, 4.71268253326416, 4.6746658325195316, 4.637206522623698, 4.6007028579711911, 4.564250055948893, 4.5279397964477539, 4.4918274243672691, 4.4566403388977047, 4.4213791529337563, 4.3865811665852865, 4.3520788828531902, 4.3180131594340008, 4.2840286890665693, 4.2504531542460127, 4.2171412467956539, 4.1841690063476564, 4.1515855471293133, 4.1194045702616373, 4.0873424212137861, 4.0557710329691572, 4.0241154034932451, 3.9928519407908123, 3.9619495868682861, 3.9310949802398683, 3.9002511819203693, 3.8697804768880206, 3.8395539442698161, 3.8097345987955729, 3.779779322942098], "val_mean_squared_error": [0.070692675986460271, 0.068197721349341531, 0.07021350573216166, 0.067235137202910009, 0.066812053322792053, 0.0623113534280232, 0.054000976628490856, 0.049246619056378095, 0.047035291258777888, 0.042671387749058862, 0.041602328951869695, 0.04054525002304997, 0.040483538194426467, 0.040478741484028954, 0.040350375164832385, 0.04001958229179893, 0.040042576247027943, 0.039697123026209216, 0.039848585746118, 0.040341107973030636, 0.040277995701347082, 0.039867146073707511, 0.04016201038445745, 0.039468069294733663, 0.03866214331771646, 0.038672316819429398, 0.040118659580392499, 0.041290342142539363, 0.041271302849054337, 0.039798426574894359, 0.039462018758058548, 0.039958491123148372, 0.038462724802749496, 0.038250354783875604, 0.038938920944929123, 0.040304137659924369, 0.04090469117675509, 0.040468629715698104, 0.041150568585310666, 0.040813893878034184, 0.038728361949324608, 0.038247325989816873, 0.038761745739196031, 0.039605637613151758, 0.039382075092622211, 0.038471060938068798, 0.039104251324066093, 0.038720739606235711, 0.037762452049979141, 0.037582228625459332, 0.038339125391628058, 0.039702229733978002, 0.040639589141522138, 0.039440766242997985, 0.040226925962737629, 0.040477488456027846, 0.040330494354878156, 0.039482731106025834, 0.038906067609786987, 0.036772778656865866, 0.037381560807781558, 0.037877594786030908, 0.038487390748092105, 0.040381904691457748, 0.041129640702690394, 0.039271193157349317, 0.03866660062755857, 0.037958556786179543, 0.039589262700506618, 0.039982150175741742, 0.038548773553754599, 0.037960477705512731, 0.038734910610531061, 0.040470972391111512, 0.039805388876370022, 0.03918091793145452, 0.0386325279250741, 0.039136853335159164, 0.039325127378106117, 0.039211420342326164, 0.038867288003010411, 0.037416981000985415, 0.037390758416482379, 0.038457822586808889, 0.039411667202200205, 0.039559872288789065, 0.039239803329110146, 0.0388347078114748, 0.038560227224869389, 0.039659660043460984, 0.038890416334782331, 0.039095772962485044, 0.039194069669714997, 0.039334551830376895, 0.038392743627939908, 0.039216967698718817, 0.039757723787001202, 0.039694120309182575, 0.038999808286981921, 0.038836411333509853],