{"mean_squared_error": [0.054463555415471397, 0.054826622456312181, 0.055410225441058475, 0.053736234207948048, 0.054376488178968431, 0.053982214381297432, 0.053880949815114342, 0.053550311674674354, 0.053629328558842344, 0.053608609239260356, 0.05343552107612292, 0.053244523455699286, 0.053533017138640088, 0.052938214937845868, 0.053312553962071733, 0.053214124838511151, 0.053093192478020988, 0.052821218470732373, 0.053267903625965118, 0.052580447494983674, 0.052709126472473146, 0.052820057918628059, 0.05225757087270419, 0.052586373190085092, 0.052619646241267519, 0.05244381328423818, 0.052551063150167464, 0.052164892852306369, 0.052219584087530774, 0.052272209525108339, 0.051855491846799849, 0.052126827587683992, 0.052046888818343483, 0.052054189642270404, 0.051970422516266504, 0.05173510809739431, 0.051834942400455476, 0.051529315859079362, 0.051398207743962608, 0.051418692618608472, 0.051370078325271608, 0.051399867733319601, 0.0514101468026638, 0.051417386780182518, 0.051273223757743833, 0.051090025653441749, 0.050861959159374234, 0.050941915810108186, 0.051054663956165314, 0.051000741124153134, 0.05088156933585803, 0.050815034657716751, 0.050906401127576828, 0.050793254623810451, 0.050624799976746244, 0.050702617317438123, 0.050399793436129887, 0.050423866262038548, 0.050455791503190996, 0.050400255868832268, 0.050137442598740263, 0.050110328942537308, 0.050503478447596235, 0.049843529860178627, 0.050285565853118899, 0.05002744793891907, 0.050068188707033792, 0.049766986568768816, 0.049728904416163761, 0.049912432084480922, 0.049691802759965258, 0.049584240466356275, 0.049497687071561811, 0.049944195151329043, 0.049351796011130017, 0.049433543781439465, 0.049211691071589785, 0.049492563555637997, 0.049300053467353187, 0.049141007661819461, 0.049218937257925671, 0.048971405873696007, 0.049283170203367872, 0.049276985476414362, 0.049171842386325201, 0.04916564201315244, 0.049035846690336865, 0.048969770222902297, 0.04880380903681119, 0.048599626123905185, 0.048679337153832117, 0.048823961118857069, 0.048598732054233554, 0.048670708884795508, 0.048711152623097102, 0.048540545006593071, 0.048546820382277173, 0.048631061365207034, 0.048473389943440755, 0.048760064194599786], "loss": [2.5632476965586344, 2.5568767229715985, 2.5490474541982016, 2.540942605336507, 2.5338494459788006, 2.5263394673665363, 2.5191247145334881, 2.5115593274434409, 2.5047266960144041, 2.4976078510284423, 2.4904394149780273, 2.4834237893422446, 2.4766880989074709, 2.4693530718485515, 2.4629240671793622, 2.4560997327168783, 2.449269676208496, 2.4424537817637124, 2.436126708984375, 2.4290307839711507, 2.4226832389831543, 2.4162376403808592, 2.40936762491862, 2.4032415707906085, 2.3968775272369385, 2.3905648231506347, 2.3842094103495279, 2.3778257369995117, 2.3715897878011067, 2.3655198891957601, 2.3590958118438721, 2.3531853675842287, 2.3471526622772219, 2.3412121931711831, 2.3350937843322752, 2.3290809313456218, 2.3232439835866292, 2.3171010653177899, 2.311267677942912, 2.3054542859395344, 2.2997474511464437, 2.2940829118092854, 2.2884260177612306, 2.2828711827596027, 2.2770905494689941, 2.2714266141255695, 2.2657053152720135, 2.2602464040120442, 2.2550129095713296, 2.2494659582773844, 2.2439607302347819, 2.2386290709177654, 2.2334131081899007, 2.2279918988545737, 2.2226763407389325, 2.2174411296844481, 2.2120094617207844, 2.2069399992624921, 2.2017808914184571, 2.1966943581899008, 2.1914077917734782, 2.1864303429921468, 2.1815889199574787, 2.1761318524678548, 2.1716907024383545, 2.1664599577585855, 2.1616177399953207, 2.1564716974894207, 2.1517368316650392, 2.1470191796620686, 2.1420474370320637, 2.1372684478759765, 2.1325033982594808, 2.1282156944274901, 2.1230187733968098, 2.1184446334838869, 2.1136539459228514, 2.1094322999318442, 2.104686975479126, 2.0999952316284181, 2.0956266085306803, 2.0909402370452881, 2.086855665842692, 2.0822664419809978, 2.0778623421986899, 2.073547871907552, 2.0691164175669354, 2.064627250035604, 2.0603366057078043, 2.0558607419331869, 2.0516781330108644, 2.0476555665334066, 2.0432751337687174, 2.0391400814056397, 2.0350467522939044, 2.0307912985483805, 2.02675412495931, 2.0227168718973796, 2.0186271985371906, 2.0148607254028321], "val_mean_squared_error": [0.057152835918324332, 0.053396364940064292, 0.050515024257557731, 0.053365333804062436, 0.050806476069348197, 0.051901409668581824, 0.051191785505839756, 0.051179183913128715, 0.051649387393678935, 0.051158514938184192, 0.051212648195879798, 0.051271215081214905, 0.050541762262582779, 0.051138022116252353, 0.050997652645621984, 0.050903365548167913, 0.050746159361941476, 0.050738295274121423, 0.050129063959632604, 0.050566613141979487, 0.050768825624670298, 0.050317758960383277, 0.050370990697826655, 0.05008621034877641, 0.050169012376240323, 0.050249168383223672, 0.049916597349303107, 0.050729229514087947, 0.049576702926840098, 0.049894253590277264, 0.049750497830765586, 0.049638645457369943, 0.050068113420690806, 0.049516726285219193, 0.049159582172121317, 0.050003408853496821, 0.049610673316887448, 0.049047128962618966, 0.049533869006804059, 0.049214686666216166, 0.049464405115161626, 0.049335556370871406, 0.049539062593664439, 0.049113890954426358, 0.048663485795259476, 0.049061140311615806, 0.048584100923367908, 0.049228861927986145, 0.049431578389235904, 0.048414216509887149, 0.048419928976467679, 0.049268394176449092, 0.048391706177166531, 0.04858009410755975, 0.048991282071386068, 0.04802670968430383, 0.048425887312207906, 0.04837047415120261, 0.047954495996236801, 0.048210311681032181, 0.048433476792914529, 0.048539378813334873, 0.047294673642941883, 0.048133110361439843, 0.048563490488699505, 0.047880183905363083, 0.047638732407774241, 0.047990623329366953, 0.047861609607934952, 0.047458241560629437, 0.047354259129081457, 0.048182653529303412, 0.0476924649306706, 0.04743516232286181, 0.047618129423686435, 0.047344826694045751, 0.047608265387160439, 0.047631364315748215, 0.047448478106941493, 0.047409038458551676, 0.047204277877296717, 0.047636285424232483, 0.047435657786471505, 0.046789921820163727, 0.047340980597904751, 0.047505916229316165, 0.04722231573292187, 0.04662940225430897, 0.047362074255943298, 0.046927443572453091, 0.046794995133365901, 0.047402114740439823, 0.046941835433244705, 0.046943522989749908, 0.04693279042840004, 0.047001603458608897, 0.046807441860437393, 0.04658757309828486, 0.047017912779535563, 0.046881876353706629],