{"mean_squared_error": [0.09800452341636022, 0.067977963884671533, 0.06811217914024989, 0.06811932176351547, 0.068039117256800327, 0.067927600940068569, 0.067862332363923389, 0.067833365499973292, 0.06781863669554393, 0.067809831599394479, 0.067802019417285919, 0.067794984579086309, 0.067788260678450271, 0.067780599494775134, 0.067772330343723292, 0.067765986919403082, 0.067758621772130337, 0.067752671241760251, 0.067745973666508988, 0.067738240460554752, 0.067728465795516973, 0.067718488474686936, 0.067707692583401993, 0.067693669100602469, 0.067676162223021183, 0.067653223872184753, 0.067618633310000106, 0.067562346657117203, 0.067394740382830304, 0.056118776897589366, 0.046972919503847757, 0.04365510493516922, 0.043102185924847922, 0.042708985507488251, 0.041974606613318123, 0.041698065896828972, 0.041469866037368776, 0.042242435614267985, 0.042213290681441626, 0.043457566450039543, 0.043716707080602643, 0.042830652495225267, 0.042086210598548252, 0.042162078867355984, 0.04257627328236898, 0.042467279483874638, 0.042066364735364917, 0.041929471244414644, 0.042340316126743952, 0.042647804816563925, 0.042125586420297623, 0.041993056734402977, 0.04205881704886754, 0.04237619638442993, 0.042153608550628024, 0.041905187567075092, 0.042050297309954958, 0.042232655485471088, 0.042097442100445429, 0.042047471304734546, 0.042048420011997226, 0.04208393817146619, 0.042176337291797004, 0.042024846126635866, 0.041953601191441217, 0.0421273539463679, 0.042075546582539876, 0.041960142552852631, 0.042062641680240632, 0.042125773678223295, 0.041986424972613651, 0.042113969475030898, 0.042106720060110091, 0.042077539364496867, 0.042073804885149002, 0.042078128953774767, 0.042128659288088482, 0.042108217378457387, 0.042068085819482806, 0.042104766766230269, 0.042117833594481152, 0.042129755516846973, 0.042095043261845905, 0.042104713370402655, 0.042149110883474353, 0.042158918331066768, 0.042126007626454035, 0.042107044408718743, 0.042103463908036549, 0.042150434851646421, 0.042162200560172398, 0.04212612137198448, 0.042164819190899532, 0.042118502408266069, 0.042131455242633821, 0.042170143127441405, 0.042144186298052472, 0.042153029143810271, 0.042222297191619872, 0.042139426618814466], "loss": [7.7434784571329756, 6.6850579579671221, 5.8133058230082195, 5.1541559219360353, 4.6635589281717937, 4.2940554936726887, 4.0073984622955319, 3.7756195386250813, 3.5807473977406818, 3.4114530245463053, 3.2605648994445802, 3.1236288070678713, 2.997687005996704, 2.8807571729024253, 2.7713579177856444, 2.668472162882487, 2.571340243021647, 2.4793078581492107, 2.3918799718221027, 2.3086129506429036, 2.2291447480519611, 2.1532015959421793, 2.0804836273193361, 2.0107706228892011, 1.9438684622446696, 1.8795893033345541, 1.817769209543864, 1.7582735459009806, 1.7009156545003254, 1.6389533042907716, 1.5783957958221435, 1.5232372442881266, 1.4721178531646728, 1.4237106243769329, 1.3761386473973591, 1.3313885688781739, 1.2878735621770223, 1.24686648050944, 1.2070029656092325, 1.169483200709025, 1.1319294611612956, 1.0943494160970053, 1.0585748751958211, 1.024565585454305, 0.99191305637359617, 0.95993339220682783, 0.92862493197123208, 0.89883433183034256, 0.87057363589604697, 0.84278832276662186, 0.81527751286824546, 0.78918128808339438, 0.76414373318354289, 0.73990699847539265, 0.71602146228154495, 0.6929879983266195, 0.67105238437652592, 0.64979677200317387, 0.62894105513890586, 0.60894179741541543, 0.58960334459940589, 0.57091549634933469, 0.55276634295781457, 0.53509728908538823, 0.51823099454243982, 0.50191663503646855, 0.48594208955764773, 0.47059000134468076, 0.45586367448170978, 0.44148494601249694, 0.42754682302474978, 0.41428713997205097, 0.40127674142519631, 0.38874988158543905, 0.37663557132085163, 0.36492899656295774, 0.353693825006485, 0.3426876187324524, 0.33210892875989279, 0.32195850610733034, 0.31206902066866554, 0.30255675713221231, 0.29330504933993023, 0.28441844979921976, 0.27589348951975506, 0.2675676385561625, 0.2595295210679372, 0.2517800768216451, 0.24430347184340159, 0.23711420993010204, 0.23014581501483916, 0.22340422868728638, 0.21693011720975239, 0.21060623427232106, 0.20457059840361277, 0.19871829648812611, 0.1929959923028946, 0.18753045598665874, 0.18218328952789306, 0.17697791953881581], "val_mean_squared_error": [0.066551078643117628, 0.066548417721475878, 0.066582230584962029, 0.066573854003633776, 0.06649094820022583, 0.066425940820149007, 0.066396485481943407, 0.066382562475545068, 0.066373839974403381, 0.066367090812751231, 0.066361144185066223, 0.066355830856731954, 0.066350944340229034, 0.066345921584538045, 0.066341023359979906, 0.066336447639124732, 0.066331995385033746, 0.066326816167150221, 0.06632086208888463, 0.066313676536083221, 0.066305436193943024, 0.066296580646719255, 0.066286342484610419, 0.066273262458188195, 0.066255915377821245, 0.066228489790643968, 0.066184269530432563, 0.066094722066606798, 0.065412797033786774, 0.04906717634626797, 0.048691199826342721, 0.049380656863961904, 0.050354655832052231, 0.049436268529721668, 0.046210474201611111, 0.047503746513809474, 0.049186006188392639, 0.05029330189738955, 0.05088516165103231, 0.049918233816112788, 0.047454421541520526, 0.046640495104449134, 0.047200788344655721, 0.047645367681980133, 0.046902949788740704, 0.046480573713779449, 0.046793265002114434, 0.047582345881632397, 0.047483500625405996, 0.046638760183538706, 0.046723902757678716, 0.047323860760246007, 0.047323636178459437, 0.046535221593720574, 0.046701111431632726, 0.046982263880116601, 0.047027393643345149, 0.046788553042071204, 0.046717124858072827, 0.046827541398150582, 0.047031556921345849, 0.046998933489833562, 0.046621227903025489, 0.046766393418822973, 0.047051567584276199, 0.04675884385194097, 0.046704397669860294, 0.046977459852184565, 0.046855674258300235, 0.046777977475098202, 0.046975255544696538, 0.046914642942803245, 0.046790165028401783, 0.046835634325231822, 0.046889922980751307, 0.046964796526091437, 0.046924582549503872, 0.04681332941566195, 0.046936564147472382, 0.046897149511745999, 0.046888329620872228, 0.046922673604318073, 0.04691260840211596, 0.046931445598602295, 0.046942900866270065, 0.046857523598841259, 0.046908686203616004, 0.046948752232960293, 0.046932744128363471, 0.046926631459168026, 0.046945596379893165, 0.046975857977356227, 0.04692061511533601, 0.046935464654650004, 0.046970040138278692, 0.046967875744615285, 0.046978699841669629, 0.046998278370925357, 0.046907742108617513, 0.047062604555061886],