{"mean_squared_error": [0.14596207241217296, 0.067368945976098382, 0.067742617925008144, 0.067788159847259527, 0.067745618025461835, 0.06767031053702037, 0.067460288604100541, 0.067342311640580493, 0.066891445716222131, 0.066585024694601688, 0.066233178476492557, 0.066110763947168985, 0.06563630650440852, 0.065253221491972602, 0.064715640246868128, 0.064181205630302426, 0.063391162455081945, 0.062881092230478927, 0.062545997897783909, 0.061840784053007761, 0.061608858903249103, 0.061288527647654217, 0.061025321980317432, 0.060682663321495058, 0.060344011088212329, 0.060032557199398678, 0.059988382707039517, 0.059734557817379637, 0.059588700532913208, 0.059489717831214269, 0.059673436234394708, 0.059394306937853497, 0.059358999629815418, 0.059074384967486064, 0.058830808351437253, 0.059092807769775393, 0.058817578852176665, 0.058896533399820331, 0.058379004150629042, 0.058320428182681398, 0.058369884639978407, 0.058464969694614413, 0.058250572780768076, 0.057915150870879492, 0.05799827550848325, 0.058081441124280292, 0.058084588497877121, 0.05790135140220324, 0.057913783689339957, 0.057849835356076559, 0.057630132138729098, 0.05747391978899638, 0.057562201718489331, 0.057392810781796776, 0.057259215414524077, 0.057255054016908009, 0.057393593092759453, 0.057006385177373886, 0.057210425535837807, 0.057166948169469836, 0.057125103473663327, 0.056976734101772307, 0.056786235918601352, 0.056888689597447716, 0.056829048444827397, 0.056377589454253516, 0.056715852767229083, 0.056474570433298746, 0.056208848456541699, 0.056299850841363269, 0.056312735627094906, 0.056162619590759279, 0.056085172543923062, 0.055931774526834489, 0.055895395328601202, 0.056172041843334831, 0.055942818522453308, 0.055961988369623822, 0.055948500086863834, 0.055491906652847929, 0.055524685978889467, 0.055702538291613264, 0.055696495125691095, 0.055332698176304498, 0.055263201892375949, 0.055152320116758344, 0.055266097187995911, 0.055201447258392967, 0.055059475451707841, 0.05487589513262113, 0.055007790029048917, 0.05482212280233701, 0.054934810101985934, 0.054647226134936014, 0.05471446290612221, 0.054421545316775642, 0.054832279930512109, 0.054556778073310851, 0.054283252110083897, 0.054272851099570592], "loss": [3.4770564715067547, 3.3617882569630941, 3.3605291048685708, 3.3534918467203778, 3.3423709869384766, 3.3297493139902752, 3.3172904968261721, 3.3063854376475015, 3.2965652783711752, 3.2872664928436279, 3.2776825269063314, 3.26828982035319, 3.2585725784301758, 3.2490943749745687, 3.2395627021789553, 3.2300226370493572, 3.2201716581980389, 3.21054736773173, 3.2011828581492106, 3.1914387861887614, 3.1822186470031739, 3.1728436946868896, 3.1635696252187091, 3.1543141682942708, 3.1450371424357098, 3.1358176867167153, 3.1269691944122315, 3.1177772521972655, 3.1088803927103679, 3.1000017484029132, 3.0914594014485677, 3.0825053691864013, 3.0737828572591144, 3.0648710568745932, 3.0561280409495035, 3.0477507909138999, 3.038907019297282, 3.0306173006693524, 3.0216200510660807, 3.0131737550099689, 3.0048019568125408, 2.9965928713480632, 2.9881070295969647, 2.9794824600219725, 2.9713175614674885, 2.9632698059082032, 2.955028454462687, 2.946769364674886, 2.9387657165527346, 2.9305723826090495, 2.9224098364512128, 2.9142696380615236, 2.9064249038696288, 2.8982920964558918, 2.8904097874959311, 2.8825122992197674, 2.8748903910319012, 2.8667365233103435, 2.859242630004883, 2.8514408906300863, 2.8438532193501791, 2.8360845883687338, 2.8282543182373048, 2.8209167162577313, 2.8132294813791909, 2.8053824265797931, 2.798257335027059, 2.7906135082244874, 2.7830382029215497, 2.7757153034210207, 2.7684728622436525, 2.7610672791798909, 2.7537591139475506, 2.7464434146881103, 2.7392142295837401, 2.7323433399200439, 2.7250464916229249, 2.7180133342742918, 2.7109864393870038, 2.7035622755686441, 2.6965724150339763, 2.6898876031239829, 2.6828863620758057, 2.6757982730865479, 2.6687803745269774, 2.6620476881663007, 2.6551768938700357, 2.6485977490743, 2.6415841738382975, 2.6349459807078044, 2.6282156467437745, 2.6215919812520343, 2.6150075594584146, 2.6082347551981608, 2.6017118136088055, 2.5950806458791096, 2.5889126936594646, 2.5823309580485025, 2.5755645275115966, 2.5692869981129962], "val_mean_squared_error": [0.066261073308331628, 0.066486428890909471, 0.066519307238715034, 0.066509017986910682, 0.066470215363161902, 0.066406287252902985, 0.066320644957678657, 0.066237153751509528, 0.066152021288871765, 0.066065885126590729, 0.06598274729081563, 0.065901066575731554, 0.06576561714921679, 0.065539435616561351, 0.065145791641303477, 0.064680393253053942, 0.064224171851362505, 0.063697448798588338, 0.063064148383481164, 0.062421014266354699, 0.061828767614705224, 0.061489298939704895, 0.061068037258727212, 0.060623081667082648, 0.060281771102121899, 0.059590385428496769, 0.059484189110142846, 0.059387956878968647, 0.058881537722689767, 0.058789695480040143, 0.05826699946607862, 0.058231797601495473, 0.058114596775599887, 0.057611073766435893, 0.057378474090780528, 0.057759442499705722, 0.057265001216105053, 0.056962166513715475, 0.056890900113752911, 0.056848290243319104, 0.056713808327913284, 0.056423264422586987, 0.05628374857561929, 0.056483841368130276, 0.056069590683494298, 0.056208473231111257, 0.056316037795373371, 0.055525235831737518, 0.055948135043893545, 0.055515132312263758, 0.055480828774826865, 0.055401385894843509, 0.055550770567996163, 0.055295768593038828, 0.055029742419719696, 0.055244189820119312, 0.055022123136690686, 0.054785281419754028, 0.054917615971394947, 0.05489154638988631, 0.05444860990558352, 0.054781461932829449, 0.054104114217417579, 0.054558065320764272, 0.054291917277233939, 0.054117502378565926, 0.054244620459420342, 0.053978637393031804, 0.053973159619740078, 0.054189848580530713, 0.053657648818833489, 0.053758288600615094, 0.053568320614950996, 0.053632970899343491, 0.053621479975325723, 0.053488341825348992, 0.053396512887307575, 0.053325586020946503, 0.053215975207941871, 0.053012631301368983, 0.053261158721787591, 0.053038382104464939, 0.052740986858095439, 0.05306184770805495, 0.052627000957727432, 0.052908435996089666, 0.052672260573932102, 0.052761414221354892, 0.052174326032400131, 0.052654435592038293, 0.052114607500178475, 0.052439875900745392, 0.052127296371119361, 0.052298600652388165, 0.05192692258528301, 0.052132025893245428, 0.052047939704997201, 0.052050840109586716, 0.05193571586694036, 0.051887101892914088],