{"mean_squared_error": [0.23863082975149155, 0.068031724294026694, 0.068461852769056961, 0.069935418417056402, 0.070482905705769858, 0.070259288946787513, 0.069857520113388694, 0.069579260547955837, 0.069062285870313642, 0.066837172210216525, 0.05703187162677447, 0.055236872533957163, 0.051931692908207573, 0.051641833037137985, 0.050264636178811391, 0.048779796063899997, 0.047628494103749593, 0.046330202867587406, 0.04572660028934479, 0.04459204239149888, 0.044137198353807132, 0.042737681915362674, 0.042296742027004557, 0.041773985947171847, 0.040965357795357704, 0.040590901797016458, 0.040179347246885301, 0.039631291603048645, 0.039232132459680241, 0.038643331080675122, 0.03848589745660623, 0.038288904726505278, 0.037735533093412717, 0.037379287804166474, 0.036926416804393132, 0.036852444708347323, 0.036572504912813504, 0.036245215063293777, 0.036020900681614877, 0.035791986435651776, 0.035642989228169122, 0.035267530754208562, 0.035006358226140337, 0.034908032665650048, 0.03482780766983827, 0.034816921378175415, 0.034880878403782845, 0.034528694674372674, 0.034495590006311735, 0.034105565771460532, 0.03395119979977608, 0.033567307765285173, 0.033479224393765133, 0.033298440774281818, 0.033059786756833395, 0.033063430339097977, 0.032920282334089279, 0.032626328368981682, 0.032771491010983783, 0.032526663690805438, 0.032576308896144233, 0.032464222361644111, 0.032379591837525368, 0.032644715160131454, 0.03255610689520836, 0.032529666150609655, 0.032588918507099149, 0.032358543947339058, 0.032304392258326216, 0.031838352978229525, 0.031686563914020853, 0.031640865405400592, 0.031513471280535062, 0.031344932566086454, 0.031308276702960332, 0.031309334312876066, 0.031356394787629444, 0.031204392636815705, 0.0310895923525095, 0.030980307733019193, 0.031095620865623157, 0.031023698548475902, 0.03103626345594724, 0.030986821899811428, 0.03110046995182832, 0.031064351772268614, 0.031067880615592004, 0.031263539940118788, 0.031335541357596718, 0.031152547523379325, 0.031217286114891371, 0.031256092215577763, 0.03131375474234422, 0.031541371345520021, 0.031439595048626263, 0.031196070834994316, 0.030849369242787361, 0.030805800482630728, 0.030778086806337038, 0.03069404773414135], "loss": [9.7517974217732739, 9.4250086466471359, 9.2608126958211265, 9.1023383458455402, 8.9540508906046554, 8.8119291305541996, 8.6741657257080078, 8.5405329386393234, 8.4105894724528003, 8.2825426101684574, 8.1527901331583656, 8.0295257886250813, 7.9095982551574711, 7.7946473121643063, 7.6812653541564941, 7.5706849098205566, 7.462843290964762, 7.3576247851053873, 7.2552736918131506, 7.1551207542419437, 7.0577386538187659, 6.9620643615722653, 6.8694594065348307, 6.7788971265157061, 6.6902310689290365, 6.6040652910868323, 6.5199026107788089, 6.437703959147135, 6.3574204762776692, 6.2788694381713865, 6.202592500050863, 6.1280923843383786, 6.0548622131347658, 5.9835934321085613, 5.9137461980183916, 5.8459872245788578, 5.7793951670328774, 5.7144435882568363, 5.6508490562438967, 5.5887567520141603, 5.5280771891276039, 5.4685420354207359, 5.410392475128174, 5.3537113189697267, 5.2982032457987467, 5.2439559300740557, 5.1909208933512367, 5.1385965665181477, 5.0876711209615069, 5.0374218940734865, 4.9883967081705727, 4.9401859601338707, 4.89317528406779, 4.8470601399739586, 4.801745382944743, 4.7575729370117186, 4.7141454378763834, 4.6714494387308756, 4.6298536936442058, 4.5888432184855139, 4.5488113403320316, 4.5094267527262373, 4.4707559585571293, 4.4331365585327145, 4.3958333015441893, 4.3593213081359865, 4.32355489730835, 4.2881033579508463, 4.2533467292785643, 4.2188965479532881, 4.1854731877644857, 4.1524860699971518, 4.1200301806131998, 4.08821652730306, 4.0569055239359537, 4.0264442125956217, 3.9961713949839273, 3.9664858023325604, 3.9371519247690836, 3.9084114392598468, 3.880225721995036, 3.8523077487945558, 3.825153684616089, 3.7980362892150881, 3.7717208385467531, 3.7455129305521648, 3.7198883374532064, 3.6948374589284261, 3.6699891249338785, 3.6452986876169842, 3.6211679140726725, 3.5974618275960286, 3.5741016228993732, 3.551142120361328, 3.5283410072326662, 3.5055159091949464, 3.4830853621164959, 3.4611393610636392, 3.4395566463470457, 3.4181650161743162], "val_mean_squared_error": [0.066608656729970656, 0.066663444574390135, 0.067461526819637838, 0.068466676133019586, 0.06837326022131103, 0.067959084042481008, 0.067580291735274453, 0.067261358989136558, 0.067010693784270964, 0.06481525621243886, 0.053523530917508264, 0.052386783595596044, 0.052145007731659074, 0.050191376358270645, 0.048845312425068448, 0.04828515702060291, 0.047539939837796349, 0.047629270170416148, 0.046758262174470086, 0.04653168310012136, 0.045400245381253104, 0.045336442600403516, 0.044545697048306465, 0.04397049705897059, 0.043543489117707522, 0.043346139735409191, 0.04284513781645468, 0.042642651791019101, 0.042206245873655589, 0.042329063639044762, 0.042084195784160068, 0.04180462232657841, 0.041671537661126683, 0.041708027411784442, 0.041432462765702179, 0.041478434311492104, 0.041073207610419819, 0.040900368509548049, 0.040569934461797984, 0.040207821875810623, 0.039892067866665978, 0.03980576938816479, 0.03955589660576412, 0.039244458345430236, 0.039317149402839799, 0.039005429350904057, 0.039105543334569247, 0.038848399051598141, 0.03907154593616724, 0.039096885759915621, 0.039362314423280101, 0.039259862952998707, 0.039497005087988715, 0.039360336427177699, 0.039362378950629918, 0.03942437656223774, 0.039188133286578317, 0.039402772007243972, 0.039281690493226051, 0.039088303223252296, 0.038978260808757374, 0.038718277588486671, 0.038584740566355843, 0.038638223494802205, 0.038473214421953471, 0.038739418344838281, 0.038674228691629002, 0.038781368971935341, 0.038786932293857844, 0.038670526551348824, 0.039230623415538242, 0.038697669548647742, 0.038725414712514193, 0.038832641339727809, 0.039164356887340546, 0.039722952459539683, 0.038360743916460445, 0.039173903209822517, 0.038402870164385865, 0.03888135190520968, 0.038011241438133378, 0.039529274350830486, 0.03876204788684845, 0.038319756942135949, 0.038341631580676348, 0.038495115137525966, 0.038347657636872361, 0.038784787324922423, 0.03786063739763839, 0.038056844579321999, 0.038275527102606635, 0.038149096869996617, 0.038645285580839427, 0.037535401992499828, 0.038930372468062809, 0.037777896704418321, 0.038677087186702659, 0.037907579514597146, 0.038269447295793464, 0.038337037499461858],