{"mean_squared_error": [0.090948889404535299, 0.069189372658729556, 0.069644593199094135, 0.069550632437070214, 0.068900372833013535, 0.068458897123734153, 0.068118942280610398, 0.067593768735726673, 0.060088871171077092, 0.051481641332308453, 0.048217617720365522, 0.044654116158684094, 0.042213865369558332, 0.040912170087297757, 0.040013959507147472, 0.039158529167373973, 0.038124688342213629, 0.037554188941915832, 0.03697346126039823, 0.036395210276047391, 0.036050087958574298, 0.035434398055076602, 0.034858029335737228, 0.034447291865944862, 0.034035127609968185, 0.033636410161852835, 0.032974225158492722, 0.032664252941807109, 0.032475076119105023, 0.032116848106185598, 0.031930351754029591, 0.031730489556988081, 0.031877017393708226, 0.031716766829291983, 0.03181863750020663, 0.032194296891490622, 0.032401196410258612, 0.031873087212443349, 0.031439202899734182, 0.030483176559209825, 0.029990623146295546, 0.029797419781486194, 0.029637270544966062, 0.029662947108348211, 0.029709647471706072, 0.029768351962169013, 0.029734463493029276, 0.029809820900360742, 0.030067341774702071, 0.030520194396376609, 0.030902404959003132, 0.030663822218775748, 0.029998466124137244, 0.029184662302335105, 0.028964192668596903, 0.028937373061974844, 0.029034642254312834, 0.028976322834690413, 0.029178393011291822, 0.029453857367237411, 0.029729996621608735, 0.029763164619604748, 0.029467970753709476, 0.028839376817146937, 0.028613587593038878, 0.028334097688396773, 0.028460299099485078, 0.028531530126929282, 0.02882821634411812, 0.028788047035535176, 0.028762783234318096, 0.028981513033310573, 0.029051940018932024, 0.02919053609172503, 0.028876482074459395, 0.028442258139451344, 0.028186689938108127, 0.028244724373022716, 0.028383764997124673, 0.028517693902055424, 0.028589927777647971, 0.028682667637864749, 0.028762914861241978, 0.028812258318066598, 0.028379878401756285, 0.028251049170891444, 0.028046245997150738, 0.028125344465176266, 0.028279115383823713, 0.028469691798090935, 0.028467060004671415, 0.028425448139508567, 0.02841398703555266, 0.028581829369068147, 0.028621801858146986, 0.028563817590475084, 0.028250501801570255, 0.028110523273547492, 0.028212291747331621, 0.028238844374815622], "loss": [8.2756929397583008, 8.01250114440918, 7.7559720357259119, 7.5180382410685223, 7.2923273086547855, 7.0768845240275065, 6.8712731997172041, 6.6749155044555666, 6.4833016395568848, 6.2983493487040203, 6.1274548212687172, 5.9652861277262366, 5.8118731498718263, 5.6670456568400063, 5.5293597857157391, 5.3983624776204424, 5.2734426498413089, 5.1548532168070471, 5.0419331232706703, 4.9341506958007812, 4.831751569112142, 4.7336962699890135, 4.6402094841003416, 4.5509254773457846, 4.4656134605407711, 4.3840121905008953, 4.3056005795796715, 4.2308912913004555, 4.1592651049296059, 4.0904715220133463, 4.0245622158050534, 3.961271619796753, 3.9007393042246501, 3.8423302650451658, 3.7862819671630858, 3.7326261043548583, 3.6806876500447592, 3.6299937566121421, 3.5810799439748129, 3.5330072085062665, 3.4868174235026044, 3.4424214680989582, 3.3995682080586751, 3.3581736882527671, 3.3179923693339028, 3.2791369915008546, 3.2413014729817706, 3.2046266078948973, 3.1691763401031494, 3.1350042184193927, 3.101570479075114, 3.0683373610178628, 3.0356287002563476, 3.0030910174051919, 2.9718368689219159, 2.9415594259897868, 2.912222719192505, 2.8834585984547934, 2.8556220372517904, 2.8283516089121501, 2.8017887592315676, 2.775404183069865, 2.7492830594380697, 2.7231990019480388, 2.6977238655090332, 2.6727079391479491, 2.6486530145009359, 2.6250077406565349, 2.6019994735717775, 2.5791368166605633, 2.5565961996714273, 2.5346669832865398, 2.5130030314127603, 2.4916564941406252, 2.4699342568715412, 2.4484342098236085, 2.4274088700612384, 2.4070617834726971, 2.3870796044667562, 2.3673685073852537, 2.3479212760925292, 2.3288180828094482, 2.3099221229553222, 2.2911223570505777, 2.2719442208607989, 2.2533446470896403, 2.2348602612813315, 2.2169285933176677, 2.1993465582529703, 2.1819997469584149, 2.1646081288655599, 2.147437572479248, 2.1304724534352619, 2.1138667424519855, 2.0972584088643393, 2.0805620352427163, 2.0639043649037681, 2.0474928855895995, 2.0315597534179686, 2.0157107988993328], "val_mean_squared_error": [0.066487753497702737, 0.066411344600575309, 0.066765520189489641, 0.066700189773525514, 0.066412408437047682, 0.066255870142153325, 0.066107473203114095, 0.065639687968151908, 0.052666260195629935, 0.049168360818709643, 0.046403927994625907, 0.046195540710219314, 0.045288835519126484, 0.044290623760649135, 0.043738797839198797, 0.042977305661354749, 0.04251024393098695, 0.042056765008185594, 0.041851587992693694, 0.041428902186453342, 0.041166766679712703, 0.040938605554401875, 0.040874619036912918, 0.040624745323189666, 0.040422473901084492, 0.04041784256696701, 0.040206475715552061, 0.039848500330533297, 0.039930288812943866, 0.039790343892361434, 0.039740332668381076, 0.039563346521130631, 0.039728976386998384, 0.039435883052647114, 0.039665004504578452, 0.039984114068959443, 0.040811462993068356, 0.040580717979797294, 0.04034400438623769, 0.040111435976411612, 0.039630946969347339, 0.039621524512767792, 0.039717240126005242, 0.039382319631321092, 0.039609383924731185, 0.039432809155966551, 0.039352856044258387, 0.039823733004076142, 0.040032021036105495, 0.04051614858742271, 0.040597454777785709, 0.040122834832540581, 0.040225462854972908, 0.040052251092025211, 0.039639313572219441, 0.039219376764127185, 0.039599485695362091, 0.039881899154611995, 0.040390850710017343, 0.040285360201128891, 0.040106030713234632, 0.04019929388804095, 0.039850709427680285, 0.040054748500032086, 0.040030353436512608, 0.039884521226797788, 0.039492511722658365, 0.039274105536086221, 0.039219745967004983, 0.039139781812472005, 0.039853954155530245, 0.041089722487543313, 0.041379919009549279, 0.03960349104766335, 0.03932343503194196, 0.039598773366638591, 0.039928794705442021, 0.040154436869280677, 0.039780860234584124, 0.03963960600750787, 0.039472435201917379, 0.040059854010386128, 0.04080197188471045, 0.039978550347898691, 0.03924143474016871, 0.039259837940335274, 0.039635263117296357, 0.040200057306459973, 0.040488435354615958, 0.039729872984545569, 0.039652320822434764, 0.04002814620201077, 0.040274119669837613, 0.040701800425137789, 0.04009116068482399, 0.039321908860334327, 0.039728138994957717, 0.040032979500080855, 0.040036048873194625, 0.039955059598599164],