{"mean_squared_error": [0.052351082116365431, 0.038208962852756184, 0.034353595599532126, 0.034045239165425303, 0.032663165281216301, 0.033224722184240815, 0.03160560987889767, 0.031142142415046693, 0.030897112004458903, 0.030630987137556076, 0.029757860116660595, 0.029367519915103911, 0.028716711762050786, 0.029600408300757407, 0.028564217500388622, 0.02781166819234689, 0.027845012831191222, 0.027444016560912131, 0.026991104582945506, 0.026457474504907926, 0.027215888537466527, 0.026693233164648215, 0.025994855662186941, 0.025522828350464502, 0.025799543783068656, 0.024985968383649984, 0.024726274609565734, 0.024833917866150537, 0.024236129286388557, 0.024411970687409242, 0.024330208947261175, 0.024793054225544134, 0.024413709528744221, 0.024327046548326809, 0.023939804236094157, 0.023608437553048135, 0.024225584231317043, 0.023244660285611948, 0.023774821435411771, 0.022826364574333031, 0.02295345291495323, 0.023044234203795592, 0.022900351819892726, 0.023661053304870925, 0.022550787962973117, 0.022875895661612352, 0.022202294568220773, 0.022811859535674255, 0.023435166043539842, 0.024997430791457494, 0.023670098495980105, 0.023475870924691358, 0.023359498071173827, 0.023042446933686733, 0.022388867350916067, 0.022992149988810221, 0.023157478558520475, 0.024509120732545853, 0.023293647170066833, 0.022334471282859644, 0.02280610433469216, 0.02301226748774449, 0.023192029011746249, 0.023810640412072339, 0.022987615751723447, 0.022534105243782201, 0.022198012781639895, 0.021953483546773591, 0.022509446119268736, 0.021781308017671107, 0.021871592228611309, 0.021696251630783082, 0.02225025457640489, 0.023067551354567211, 0.02246519351998965, 0.022228199491898217, 0.023037854706247647, 0.022880121134221554, 0.023228724176685017, 0.022661736110846202, 0.023274861772855125, 0.023442374169826509, 0.023601092522342999, 0.023566927015781402, 0.022749407154818376, 0.021906880165139832, 0.022077876888215543, 0.021672505078216393, 0.021314069442451001, 0.021339152194559573, 0.021600796903173129, 0.02132166102528572, 0.022133185528218746, 0.021153404315312704, 0.021138894061247509, 0.020938022496799626, 0.021934055971602598, 0.021004176388184231, 0.022507567889988422, 0.021235968110462029], "loss": [2.2224545796712238, 2.0969259897867838, 1.9525527477264404, 1.8538699785868327, 1.7845486799875896, 1.7293380657831827, 1.6801716248194376, 1.6378269910812377, 1.6005781332651774, 1.5713283141454062, 1.5425556341807047, 1.517707641919454, 1.4965117136637369, 1.4801140864690145, 1.463889193534851, 1.4483284235000611, 1.4359828710556031, 1.4251667181650798, 1.4155663967132568, 1.4071017821629843, 1.4009545167287192, 1.395299212137858, 1.3884514093399047, 1.3829248746236165, 1.37928995291392, 1.3745594422022502, 1.3709830363591513, 1.3681783676147461, 1.3651517311731973, 1.3633309364318849, 1.3624489307403564, 1.3614793300628663, 1.3612247546513876, 1.3594695647557578, 1.3577268759409586, 1.3558990001678466, 1.3557275454203288, 1.3544736544291178, 1.3545668760935465, 1.3529910643895466, 1.3522781133651733, 1.3518675724665323, 1.3514684279759726, 1.3527318874994914, 1.3511611938476562, 1.3514388402303059, 1.3502776304880777, 1.3517739772796631, 1.3529971758524577, 1.3571284453074137, 1.3546846389770508, 1.3534197886784871, 1.3532482862472535, 1.353926698366801, 1.351851193110148, 1.3515679677327475, 1.351902707417806, 1.3548653364181518, 1.3543085177739462, 1.3510492722193399, 1.3509762048721314, 1.3516936699549358, 1.3526095469792685, 1.3537246068318685, 1.3524419069290161, 1.3514423608779906, 1.3510942697525024, 1.3497154553731283, 1.3505751530329386, 1.3494004726409912, 1.3491183042526245, 1.3488051652908326, 1.3496544043223062, 1.3515266338984171, 1.3513527631759643, 1.3507562239964803, 1.3512120564778647, 1.3518773078918458, 1.3527837753295899, 1.3518155972162882, 1.3519346793492635, 1.353128695487976, 1.3535604476928711, 1.3540792147318521, 1.3521579345067343, 1.3500567038853963, 1.3490412712097168, 1.3482340574264526, 1.347233494122823, 1.3473174015680949, 1.347618293762207, 1.3472360293070476, 1.3480454524358114, 1.3476380825042724, 1.3471469799677531, 1.3469110250473022, 1.3478097279866537, 1.3474881331125894, 1.3491815725962322, 1.3475697040557861], "val_mean_squared_error": [0.046449519959943633, 0.042114002230976312, 0.042969929852655957, 0.041390624163406234, 0.042444449450288503, 0.041160227996962409, 0.041371749714016914, 0.041572904746447294, 0.040584739031536241, 0.039854087467704503, 0.039363175098385127, 0.039266154968312809, 0.039213067452822416, 0.03847735694476536, 0.038388588332704136, 0.037744196930101941, 0.036944192967244556, 0.036517787990825515, 0.037121016532182693, 0.036033496792827337, 0.038583565503358841, 0.036331392558557649, 0.034842014312744141, 0.038071995601058006, 0.036862365502331941, 0.034620441230280061, 0.036754991060921123, 0.034943033541951864, 0.033912613455738337, 0.037640797373439581, 0.03568106211189713, 0.033892627007194927, 0.035188578069210052, 0.035958628303238323, 0.036173319177968163, 0.034970945944743495, 0.033437229959028106, 0.036447797369744094, 0.034099468030035496, 0.035419018406953127, 0.033729644492268562, 0.033395804198724885, 0.036892162902014594, 0.036825058183499744, 0.034568438838635175, 0.033247451430984905, 0.032605807163885663, 0.034956904660378187, 0.0429695975035429, 0.038040961804134507, 0.03290310874581337, 0.034407352496470721, 0.03769889261041369, 0.034537002178175111, 0.034036670944520404, 0.032879398071340153, 0.035698851969625266, 0.038310092208640914, 0.032626990628029616, 0.036243707207696776, 0.032815754280558655, 0.033951434040708203, 0.040325865681682317, 0.034764040394553115, 0.034695469508213658, 0.035577998496592045, 0.033187053299375942, 0.036771033624453206, 0.03516077809035778, 0.032977700366505554, 0.034180089831352234, 0.037580210981624465, 0.035786204040050507, 0.032231696482215612, 0.035720097167151313, 0.035452471779925485, 0.034535669455570836, 0.037280192066516192, 0.033461524971893856, 0.034314274654856751, 0.033910491902913363, 0.034321123068886142, 0.033147989506168027, 0.033872548357716629, 0.033920774236321449, 0.033453882937984805, 0.034719053655862808, 0.03425354989511626, 0.033307497655706744, 0.035046575191829889, 0.032926631027034352, 0.034260188229382038, 0.035109273557152064, 0.033023897824542861, 0.034542935767344067, 0.033452369006616731, 0.033675260575754304, 0.037070223795516152, 0.034445880779198239, 0.033157752294625552],