{"mean_squared_error": [0.068555516501267746, 0.057196717212597531, 0.055370315661032996, 0.051553054898977282, 0.04936633184552193, 0.04757323935627937, 0.045699496567249295, 0.044246697798371315, 0.043127621710300448, 0.042251588776707649, 0.041170371075471245, 0.040191941087444623, 0.040115872398018837, 0.039367747431000071, 0.038851299136877057, 0.038217017923792201, 0.037840949619809786, 0.037349004050095877, 0.03704918163518111, 0.036787182837724683, 0.03641264773905277, 0.036081615711251895, 0.035790455838044487, 0.035684582342704135, 0.035395974790056545, 0.035236342996358874, 0.034887180974086128, 0.034713298951586084, 0.034394583106040953, 0.034216258178154629, 0.034123551100492477, 0.033804180100560188, 0.033733860154946643, 0.033609841143091519, 0.033525450279315312, 0.033387149001161257, 0.033176981533567108, 0.033123211065928145, 0.032957736402750015, 0.032844414313634239, 0.032738143453995387, 0.032619750623901683, 0.032591973245143888, 0.032494466875990231, 0.032458925868074098, 0.032380174472928049, 0.032350194826722148, 0.032198683296640711, 0.032219973951578142, 0.032030774404605229, 0.032028104489048324, 0.031888829544186592, 0.03192423159877459, 0.031789721051851912, 0.031734402105212209, 0.031718075275421143, 0.031723557412624358, 0.031629573553800583, 0.031679491698741916, 0.031627826268474261, 0.031647027780612312, 0.03161472963790099, 0.03163839355111122, 0.031577126060922937, 0.031580648571252826, 0.031666441137591997, 0.031603850051760675, 0.031668561324477193, 0.031629361584782599, 0.031656460712353389, 0.031611066932479538, 0.031466946502526599, 0.031452080979943273, 0.031475092718998593, 0.031394099692503612, 0.031407148639361067, 0.031413675347963972, 0.031451653813322385, 0.031440752247969307, 0.031457351272304854, 0.031491249303023022, 0.031430088107784589, 0.031510783731937407, 0.031611549233396846, 0.031601085265477495, 0.031609171504775685, 0.031543207913637163, 0.031484802191456156, 0.031613553191224733, 0.031660714248816176, 0.031606847047805788, 0.031586344912648202, 0.031534913306434952, 0.031548245127002397, 0.031567071378231046, 0.031588678682843846, 0.031563683723409973, 0.031691721826791766, 0.031732248763243355, 0.031667609016100565], "loss": [4.1742592493693031, 4.0285198370615642, 3.9104700247446695, 3.8031693935394286, 3.7021910190582275, 3.605718231201172, 3.5125240643819171, 3.42330379486084, 3.3375284036000568, 3.2551449139912925, 3.1756841818491619, 3.0993012269337972, 3.0265638828277588, 2.9558375676472983, 2.8881196498870851, 2.8228945891062418, 2.7603652795155842, 2.7001627286275229, 2.6422583580017092, 2.5867386658986411, 2.5330954392751059, 2.4816055933634442, 2.4320300102233885, 2.3845468203226727, 2.3385789394378662, 2.294511842727661, 2.2518207708994549, 2.2108773072560628, 2.1712485154469809, 2.1331282138824461, 2.0964975516001383, 2.0609687487284343, 2.0267950852711993, 1.9938357432683309, 1.9619858026504517, 1.931166911125183, 1.901290742556254, 1.8725726207097371, 1.8446601788202921, 1.8176739772160848, 1.791534924507141, 1.7662054856618246, 1.7417643149693807, 1.7179347435633341, 1.6948629379272462, 1.672478167215983, 1.6507564624150595, 1.6295348087946573, 1.6090754191080729, 1.5889711459477742, 1.5695881287256876, 1.5505374034245809, 1.5322112242380779, 1.5141513029734293, 1.4966194073359171, 1.4795619328816731, 1.4629012902577718, 1.4466405868530274, 1.4307559092839559, 1.415221921602885, 1.4000825723012289, 1.3852826118469239, 1.3707428932189942, 1.3565208832422893, 1.342641282081604, 1.3290895382563273, 1.3157334407170613, 1.3027204910914103, 1.2898415247599284, 1.2772833824157714, 1.2648308595021567, 1.2526129007339477, 1.2406654357910156, 1.228974421819051, 1.2173543294270834, 1.2060670455296834, 1.1949371735254923, 1.1839874108632407, 1.1732179482777914, 1.1626235246658325, 1.1521990219751994, 1.1418548901875814, 1.131778073310852, 1.1219200213750204, 1.1120256821314494, 1.1023458083470663, 1.0926910479863485, 1.0831929683685302, 1.0740060885747273, 1.0648593664169312, 1.0557081937789916, 1.0467089732487997, 1.0378147840499878, 1.0290754000345865, 1.0204349438349405, 1.0119389613469443, 1.0034554958343507, 0.99523083368937171, 0.98701164722442625, 0.9788108348846436], "val_mean_squared_error": [0.053478425368666649, 0.051215054999504774, 0.050244576696838648, 0.049302387982606888, 0.047905613934355121, 0.04635825314159904, 0.044949209849749296, 0.04417221500937428, 0.043535830852176459, 0.043001381281231134, 0.042730172829968591, 0.042521290481090546, 0.042010195819394927, 0.041529214009642601, 0.041328151976423602, 0.04110509103962353, 0.040838288276323249, 0.040665763031159131, 0.040476444709513872, 0.040349878636854034, 0.040331003921372552, 0.040205269785864015, 0.040000575594604015, 0.03996722160705498, 0.039881227804081779, 0.039753599358456473, 0.03975353416587625, 0.039691105751054626, 0.039664228579827716, 0.039612751188022752, 0.039649685312594683, 0.039553140689219744, 0.039481530897319317, 0.039258970612926145, 0.039129936668489664, 0.039083123473184447, 0.039016000527356355, 0.038941709989947934, 0.039129750537020822, 0.039257356497858255, 0.039213406720331738, 0.039256251949284761, 0.039152925035783222, 0.039203220712287087, 0.039092349952885082, 0.038969573165689199, 0.038991791462259631, 0.038968997076153755, 0.039031224192253182, 0.038943432404526641, 0.038964831403323581, 0.038983532493667941, 0.038953956349619796, 0.039020537265709469, 0.039026320778897831, 0.03911660558411053, 0.039061715161161761, 0.039031862946493287, 0.039290895020323138, 0.039078725767987113, 0.039041961144123762, 0.039043709502688477, 0.039093113903488429, 0.038941908494702408, 0.038891207825924666, 0.038909051567316055, 0.038815783336758614, 0.038830632343888283, 0.038751780587647645, 0.038861650707466264, 0.038836657734853883, 0.038937050317014964, 0.038962581993213723, 0.039016861468553543, 0.039043992890843322, 0.039106752191271098, 0.039135396480560303, 0.039113031301115243, 0.039200074438537867, 0.039206453732081821, 0.039226855284401348, 0.039218010513910224, 0.039167128769414764, 0.03921235751892839, 0.039191586896777153, 0.039170221957777231, 0.039190321229398251, 0.039153523344014375, 0.039142312215907235, 0.039077117773039002, 0.039105134084820747, 0.039119237767798562, 0.039181946377669065, 0.039221677396978648, 0.039178084049906046, 0.039344568470759053, 0.03938532753714493, 0.039390352421573231, 0.039368048842464178, 0.039423311528350623],