{"mean_squared_error": [0.091337524851163227, 0.060751337806383768, 0.057663317521413168, 0.055398209393024443, 0.05094650809963544, 0.046920113265514374, 0.043665345385670663, 0.041735662395755449, 0.039655401557683947, 0.038880736504991846, 0.037084191292524341, 0.036168138310313222, 0.034876462072134018, 0.03364838883280754, 0.033204725633064903, 0.031787094473838803, 0.030855935811996461, 0.03055095486342907, 0.03024940292040507, 0.03079704927901427, 0.030646299570798875, 0.032613381370902063, 0.031798043722907704, 0.030324145530660946, 0.029247497146328291, 0.029235953837633132, 0.028929952283700308, 0.028652097905675571, 0.028863498320182163, 0.028866334880391756, 0.029362037032842635, 0.028253127013643582, 0.027720855052272477, 0.027451477696498236, 0.027682276070117952, 0.027527439345916112, 0.02972005307674408, 0.028689377134044965, 0.028905943532784781, 0.028010625143845877, 0.027447730551163355, 0.02863016687333584, 0.027404590323567391, 0.02708658327658971, 0.027067466576894125, 0.027694149067004521, 0.027671693389614425, 0.027925308669606845, 0.026810796310504276, 0.026634923865397772, 0.026160470396280288, 0.026019431402285895, 0.025910939772923788, 0.026568281029661498, 0.026919399574398994, 0.028877309213081997, 0.029673236732681591, 0.029047726839780807, 0.027694810926914216, 0.027814231316248574, 0.02819911390542984, 0.028588902329405148, 0.027561027184128763, 0.027368813504775366, 0.026943078761299453, 0.027295867229501405, 0.027205132444699607, 0.026636975506941479, 0.026811689883470536, 0.026536945750315986, 0.027217552438378333, 0.027021677047014237, 0.026095164443055787, 0.026253995796044666, 0.027208401262760161, 0.026941570763786633, 0.026997006063659987, 0.027088185772299767, 0.027114786704381309, 0.02814880448083083, 0.027105012784401576, 0.027182749907175698, 0.02746317076186339, 0.027659535159667334, 0.027470047275225323, 0.027680816873908044, 0.027230372528235118, 0.026297896976272266, 0.025978959724307062, 0.026194579154253005, 0.026520694668094317, 0.026909237354993822, 0.026727941011389096, 0.026442995915810268, 0.026969331751267114, 0.027190598348776501, 0.028429439167181651, 0.02792748101055622, 0.026979838435848554, 0.026559747879703839], "loss": [24.124964904785156, 23.464799245198567, 22.784694925944009, 22.140560913085938, 21.530974578857421, 20.957552083333333, 20.419198608398439, 19.915088653564453, 19.442350896199546, 19.000325775146486, 18.584483846028647, 18.194572194417319, 17.827708180745443, 17.482144292195638, 17.157084274291993, 16.849294916788736, 16.558250935872397, 16.282938512166343, 16.021697171529134, 15.774116325378419, 15.537982622782389, 15.314775021870931, 15.098825963338216, 14.891515413920084, 14.692961247762044, 14.502943229675292, 14.320035489400228, 14.14381160736084, 13.974570528666179, 13.810721969604492, 13.652951113382976, 13.498732948303223, 13.349187215169271, 13.20421682993571, 13.063972155253092, 12.926983133951824, 12.795916748046874, 12.665232086181641, 12.538754590352376, 12.4143616994222, 12.292834981282551, 12.175790468851725, 12.05872459411621, 11.944623692830403, 11.833537419637045, 11.72489325205485, 11.617646217346191, 11.51258176167806, 11.408504803975424, 11.306419118245442, 11.205469703674316, 11.106582132975261, 11.009486198425293, 10.914647865295411, 10.820615259806315, 10.729516410827637, 10.639771842956543, 10.549026489257812, 10.458768145243328, 10.370534515380859, 10.283964983622234, 10.198567390441895, 10.112624295552571, 10.029108492533366, 9.9452746709187831, 9.8637214660644528, 9.7824161529541023, 9.7018472671508782, 9.622716967264811, 9.5441691080729161, 9.4675535837809246, 9.3905318578084316, 9.3136508305867505, 9.2386295954386402, 9.1652022679646805, 9.0913876215616867, 9.0187170028686516, 8.9462504069010418, 8.8746261596679688, 8.8051546096801765, 8.7338077545166009, 8.6644687652587891, 8.5954886754353836, 8.5275643030802417, 8.459416898091634, 8.3925491333007809, 8.3257658640543628, 8.2586611429850265, 8.1926842371622719, 8.1279003779093433, 8.0637050628662106, 8.0005179723103836, 7.9372331937154135, 7.8742986996968591, 7.8126326878865564, 7.7512686411539713, 7.691938749949137, 7.6311855951944985, 7.5700161298116049, 7.5098082860310873], "val_mean_squared_error": [0.060616248420306613, 0.055955820317779272, 0.056302442348429134, 0.053649901279381344, 0.051476661381976943, 0.049863766346658976, 0.049738287659628053, 0.04929117166570255, 0.048393942947898595, 0.042628936868693144, 0.041443763832960813, 0.040057347555245669, 0.03938450424798897, 0.03863585141620466, 0.039263956248760223, 0.039235169866255352, 0.039463898433106284, 0.040355130497898371, 0.040790459407227378, 0.042266339063644409, 0.046784789966685433, 0.045193000829645565, 0.039812219994408746, 0.038807595680866926, 0.037792971224657128, 0.037421505632145066, 0.038233205809124877, 0.038651871228856702, 0.039129912986287048, 0.038695696209158213, 0.038785804994404316, 0.038888246619275639, 0.039224105887115002, 0.038534958048590591, 0.038159552961587906, 0.038643937025751383, 0.041500083303877285, 0.039726349525153637, 0.03633840036179338, 0.038599060848355293, 0.038003766776195595, 0.036730556083577018, 0.037599392102233002, 0.036818190477788448, 0.038125294260680676, 0.039031208625861576, 0.037273535371891091, 0.038046006113290787, 0.039219682104885578, 0.038921519182622433, 0.038288771041801999, 0.039842189156583378, 0.039807661835636408, 0.040549385494419506, 0.041749662054436545, 0.040504345404250283, 0.040718008897134235, 0.038729522244206498, 0.038376497503902228, 0.03909194629107203, 0.037806144250290732, 0.037787107218589099, 0.036592060433966775, 0.036244607131396024, 0.035824273180748732, 0.036258521090660779, 0.03788531704672745, 0.038903395379228253, 0.037783561673547537, 0.040470036278877942, 0.042041751955236704, 0.039988005666860511, 0.039669227919408252, 0.039213623186307292, 0.038833314286811013, 0.038408310418682437, 0.038719096620168002, 0.037791470331805091, 0.036471461611134667, 0.036963142853762419, 0.036982520084295957, 0.035933149845472405, 0.035966520330735614, 0.03816955190684114, 0.037554497298385413, 0.038955182635358403, 0.039467457681894302, 0.039306499330060821, 0.039853592935417383, 0.039111136325768063, 0.03685474582016468, 0.038619143489216058, 0.037474996676402431, 0.036744838314396996, 0.037388412547963004, 0.037338296084531715, 0.038693368168813844, 0.03707571154726403, 0.037018731236457825, 0.036815201198416095],