{"mean_squared_error": [0.042675650119781493, 0.042787943283716837, 0.042306023836135867, 0.042222935954729715, 0.042398260533809663, 0.042206738640864688, 0.042341489096482596, 0.042264435688654581, 0.042291139066219327, 0.042212707300980888, 0.042186625053485236, 0.042215421547492346, 0.042266235748926802, 0.042264483372370404, 0.042182261745134987, 0.042163691669702533, 0.042170454810063047, 0.042262708147366844, 0.042278042683998741, 0.042249561101198194, 0.042184142520030339, 0.042258334408203764, 0.04218610301613808, 0.042306264241536461, 0.042266482363144557, 0.04225706880291303, 0.042253052939971288, 0.042193980018297834, 0.042243454108635586, 0.042301881561676663, 0.042242239415645602, 0.04232070247332255, 0.042282345394293465, 0.042208173125982282, 0.042309159537156422, 0.042187782873709993, 0.042356445143620171, 0.042394397159417473, 0.042220629503329596, 0.042320031921068826, 0.042235783239205675, 0.042421240359544754, 0.042254307866096498, 0.042236770441134767, 0.042349644502003986, 0.042345743129650754, 0.042317291100819908, 0.042345369358857472, 0.042338789999485017, 0.042300188293059669, 0.042312010625998181, 0.042272682984670004, 0.042429502060015993, 0.042290174961090089, 0.042261541386445362, 0.042369361470143002, 0.04238742565115293, 0.042408992598454161, 0.042341413597265877, 0.042346660296122232, 0.042431633919477463, 0.042298832039038343, 0.042310884098211925, 0.042414874335130054, 0.042358528325955075, 0.042365022500356037, 0.042383704086144766, 0.042360635350147884, 0.042336959640185037, 0.042460434387127557, 0.042209788908561072, 0.042395142962535222, 0.042391956100861231, 0.042373823126157124, 0.042385693142811459, 0.042342404027779897, 0.042476298908392586, 0.042408202836910887, 0.042430367817481357, 0.042524333546559018, 0.042409129440784454, 0.042356256892283756, 0.042395341147979097, 0.042415450265010195, 0.042384790380795796, 0.04242121875286102, 0.042377844452857971, 0.042480678359667463, 0.042475931098063788, 0.042490065346161524, 0.042460704843203224, 0.042395930240551633, 0.042531461268663404, 0.042413505166769026, 0.04257829387982686, 0.042482667664686842, 0.042482857157786685, 0.042449077467123668, 0.042480444411436717, 0.042387021829684575], "loss": [0.19793246487776439, 0.19000231822331745, 0.18383194506168365, 0.17942380905151367, 0.1760299563407898, 0.17330759465694429, 0.17117138206958771, 0.1692950854698817, 0.16776109834512073, 0.16622956891854604, 0.16489071945349376, 0.16369046171506246, 0.16251341104507447, 0.16134707729021708, 0.16014566322167714, 0.15902560452620187, 0.15794189671675365, 0.15692739486694335, 0.15588991940021515, 0.15483696063359578, 0.15372074544429778, 0.15275677939256033, 0.15173683365186055, 0.15080636342366535, 0.14981705347696941, 0.14879870911439261, 0.14783601562182108, 0.1468643844127655, 0.14596933821837108, 0.14506699343522389, 0.14415586292743682, 0.14325294891993204, 0.14237640798091888, 0.14140195647875467, 0.14060353736082712, 0.13969325820604961, 0.13895139197508494, 0.13811167577902475, 0.13716416756312053, 0.13642336229483287, 0.13551186223824818, 0.13484929203987123, 0.1339209665854772, 0.13312427798906962, 0.13240593274434406, 0.13163795073827109, 0.13086887300014496, 0.13009921610355377, 0.12938200732072194, 0.12857123712698618, 0.12783888479073843, 0.12712039152781168, 0.12649263540903727, 0.12570142845312754, 0.12495133976141612, 0.12431601484616597, 0.12368617057800294, 0.12299064099788666, 0.12223246296246847, 0.12159515172243118, 0.12096962283054988, 0.12022130986054738, 0.11957709491252899, 0.11902803430954616, 0.11832470148801803, 0.11773658841848374, 0.11709389835596085, 0.11646631956100464, 0.11584329108397166, 0.1152898778518041, 0.11452408482631048, 0.11407420883576075, 0.11346181730429332, 0.11290470014015834, 0.11228968997796376, 0.11170173287391663, 0.1112401748696963, 0.11061667601267497, 0.11008537262678146, 0.10962589879830678, 0.10896178682645162, 0.10836759656667709, 0.10789422939221065, 0.10734185874462128, 0.10683173189560573, 0.10630249033371607, 0.10576774378617605, 0.105354938407739, 0.10485272506872813, 0.10433901101350784, 0.10382201274236043, 0.1032899260520935, 0.10289527177810669, 0.10233540932337443, 0.10196510056654612, 0.10143509209156036, 0.1009742518266042, 0.10047895113627116, 0.099997545778751376, 0.099518073598543796], "val_mean_squared_error": [0.049735623278788159, 0.048388512539012093, 0.048933975398540497, 0.04877549995269094, 0.048653793654271534, 0.048909224037613185, 0.048682960016386848, 0.048749524035624096, 0.048870415559836795, 0.048674415796995163, 0.048706624124731333, 0.048732517553227286, 0.048738391271659305, 0.048741422593593597, 0.048684119113854001, 0.048746691218444278, 0.048756301935229986, 0.048669542052916119, 0.048713744751044681, 0.048768305884940286, 0.048665692231484821, 0.048706263303756714, 0.048770082848412652, 0.04871592191713197, 0.048786885504211695, 0.048778370554958074, 0.048690224332468848, 0.048760921827384403, 0.048726094088384082, 0.048778098608766286, 0.048762117113385885, 0.048702020730291097, 0.048811771507774084, 0.048662828015429635, 0.048735585595880239, 0.048838338149445396, 0.048751041293144226, 0.04876782053283283, 0.048805360283170431, 0.048769674130848477, 0.048805162842784612, 0.048741444945335388, 0.048818508961371014, 0.048787802457809448, 0.04881039048944201, 0.048848623143775124, 0.048809976450034549, 0.048729493681873591, 0.048938067363841195, 0.048739760049751828, 0.048821025661059787, 0.048823771732194085, 0.048693325902734487, 0.048820721251623969, 0.048770091895546229, 0.048750759235450199, 0.048851924815348217, 0.048763273549931388, 0.04880741185375622, 0.048807862613882334, 0.048760409866060526, 0.048825506120920181, 0.04874196808253016, 0.048786796097244532, 0.048768420304570882, 0.04879656859806606, 0.048733514866658618, 0.048846656722681861, 0.04877468677503722, 0.048746066966227124, 0.048849288906369893, 0.048666454319443019, 0.04876814516527312, 0.048808414489030838, 0.048742817448718209, 0.048796014061995914, 0.048756421676703861, 0.048721417252506526, 0.048817446721451621, 0.048784626913922172, 0.048721633851528168, 0.048826909490994046, 0.048774626106023788, 0.0488077492586204, 0.048805868519204001, 0.048729880579880307, 0.048819490309272497, 0.048741823328392844, 0.048789017966815403, 0.048722179872649055, 0.048781098531825204, 0.048724669430937083, 0.048804947840315957, 0.048762913793325424, 0.048779982009104321, 0.048701678535767963, 0.048790044018200467, 0.048765518835612705, 0.048749331384897232, 0.048729778400489261],