{"mean_squared_error": [0.059873212873935697, 0.05502703016002973, 0.05056343600153923, 0.050474086652199428, 0.048666006823380785, 0.048453809072573982, 0.047765530645847321, 0.047498569637537, 0.04745107317964236, 0.04718754217028618, 0.047049266844987871, 0.047056534638007484, 0.046799753357966739, 0.046843809634447099, 0.046821500857671103, 0.046761406461397807, 0.046741019437710446, 0.046728707104921344, 0.046714353809754056, 0.046675736953814821, 0.046702001988887784, 0.04666796748836835, 0.046634352703889208, 0.046670377751191455, 0.046724949280420938, 0.046665251503388086, 0.046732034037510556, 0.046777663131554924, 0.046802549560864763, 0.046836501856644945, 0.046821482479572296, 0.046859785169363025, 0.046844592193762462, 0.046859892457723616, 0.04698818748195966, 0.04699259971578916, 0.046905590593814848, 0.047032228360573448, 0.046989906330903372, 0.047074032574892045, 0.047217627366383873, 0.047126649568478264, 0.047222364693880081, 0.04717709968487422, 0.047262962659200033, 0.047289383411407468, 0.047260246674219769, 0.047253127892812094, 0.047420276453097661, 0.047383633007605869, 0.047369700421889621, 0.047429574032624565, 0.04754369035363197, 0.047484971334536871, 0.047642229497432707, 0.047570060938596725, 0.047662514696518582, 0.047592263172070187, 0.0476438378294309, 0.04772551010052363, 0.047675590713818869, 0.047767111907402675, 0.047755210846662524, 0.047799624502658844, 0.047862746318181354, 0.047883141785860062, 0.047894669572512309, 0.047930598010619482, 0.04796507234374682, 0.048117476701736453, 0.048009062806765236, 0.048073104023933409, 0.048025707403818764, 0.048076444615920387, 0.04808094948530197, 0.048044929405053456, 0.048168264577786127, 0.048141290247440335, 0.048116641988356905, 0.048234061400095625, 0.048338697602351509, 0.048245242486397423, 0.04833620488643646, 0.048423056801160179, 0.048316237082084018, 0.048429174721240996, 0.048390959948301317, 0.048544859141111375, 0.048486045251290001, 0.048380016535520556, 0.048499306042989097, 0.048534941673278806, 0.048543852816025419, 0.048653897891441984, 0.048561217635869978, 0.048591876029968263, 0.048675043135881425, 0.048587345580259962, 0.048609993110100426, 0.048721008996168776], "loss": [11.783296140034993, 11.223613739013672, 10.671864000956218, 10.143683242797852, 9.6408317565917976, 9.1639858881632481, 8.711431694030761, 8.2825160344441731, 7.8755173047383629, 7.4891975720723467, 7.122375233968099, 6.7739246050516764, 6.4427082379659018, 6.1279905319213865, 5.8287477493286133, 5.5441051483154293, 5.2733874320983887, 5.0158598581949869, 4.7708187421162922, 4.5376415570576984, 4.3158198674519861, 4.1046282132466638, 3.9036799112955731, 3.7124716758728029, 3.5305125872294107, 3.3572456677754721, 3.19242582321167, 3.0355630715688071, 2.8862243970235189, 2.7441869894663493, 2.6089113712310792, 2.4802480697631837, 2.3577756245930988, 2.2413340568542481, 2.1305475870768231, 2.0251270135243735, 1.9247617324193318, 1.8294320742289225, 1.7387097199757895, 1.6524748245875041, 1.5705599546432496, 1.4924734195073446, 1.4183964649836223, 1.3479186455408732, 1.2809858083724976, 1.2173534154891967, 1.1568331241607666, 1.099408253033956, 1.0449719826380413, 0.99308952490488689, 0.94389489094416301, 0.89718392292658489, 0.85289165973663328, 0.81079558134078977, 0.77090824842452998, 0.7329443375269572, 0.6970505555470784, 0.66283663908640544, 0.63055150111516312, 0.59989853302637741, 0.5708419958750407, 0.54329142173131306, 0.5171650290489197, 0.49247018297513329, 0.46904639999071757, 0.44683896501859027, 0.42584565877914426, 0.40593535304069517, 0.38713240623474121, 0.36940398414929709, 0.35241497357686363, 0.33650922775268555, 0.3213881532351176, 0.30711700518925983, 0.29360693097114565, 0.28086418112119038, 0.26884862979253132, 0.25742424925168356, 0.24667614102363586, 0.23655610283215842, 0.22702918748060863, 0.21790345410505932, 0.20941776732603709, 0.20138347744941712, 0.1937009185552597, 0.18654448588689168, 0.17978973984718322, 0.17351165811220806, 0.16737165153026581, 0.16162907282511393, 0.15635664562384288, 0.15135363042354583, 0.14663655062516531, 0.14217633108297983, 0.13791099190711975, 0.13394586940606434, 0.13025225202242532, 0.12665809690952301, 0.12341310381889344, 0.12033391445875168], "val_mean_squared_error": [0.058242153908525197, 0.054854545742273331, 0.05493417488677161, 0.053150710250650136, 0.053464300930500031, 0.052562621022973745, 0.052707411881004064, 0.052507711308343072, 0.052320533032928197, 0.052330505102872849, 0.052314363420009613, 0.052170760929584503, 0.052211731140102656, 0.05221534999353545, 0.052100939942257743, 0.052197107779128213, 0.052124074527195523, 0.052083076110907962, 0.05214399578315871, 0.052136704325675964, 0.052105765257562907, 0.052087563489164622, 0.052135991730860302, 0.05212756884949548, 0.052130637424332757, 0.052135793226105828, 0.052161280597959249, 0.052161390227930884, 0.052108641181673319, 0.05220547105584826, 0.052203754761389325, 0.052141880350453515, 0.052177234419754574, 0.0522543585726193, 0.052143050623791556, 0.052267542374985557, 0.052283576024430137, 0.052253850336585729, 0.052322997046368461, 0.052276192499058585, 0.052350652004991262, 0.052360387785094123, 0.052291623183659146, 0.052337250539234707, 0.052347703703812191, 0.052413370460271835, 0.052359923720359802, 0.052457476833036969, 0.052424794861248562, 0.052403397858142853, 0.052529236035687585, 0.052444089736257284, 0.052445381347622187, 0.052614099213055203, 0.052391040538038523, 0.052626525717122216, 0.052543517202138901, 0.052567493170499802, 0.052535499313047955, 0.052541929696287425, 0.052690223923751285, 0.052568932729107995, 0.052643825433083942, 0.052688913153750558, 0.052613887935876846, 0.052664071321487427, 0.052687237837484906, 0.052664294306721003, 0.052741649959768565, 0.052686567817415507, 0.052744724388633459, 0.052705236311469762, 0.052781744727066586, 0.052717197686433792, 0.052739321121147702, 0.052797428199223111, 0.052722847887447903, 0.052711137171302526, 0.052836962044239044, 0.052805895784071515, 0.052719279591526301, 0.052931730768510273, 0.052754576184919903, 0.052803688283477514, 0.052867991583687921, 0.052780251950025558, 0.052895966385092051, 0.052865416875907352, 0.052812731691769192, 0.052970436534711292, 0.052859144551413398, 0.052904878876038959, 0.052926818174975257, 0.052902939596346447, 0.052947980484792163, 0.052939048303025107, 0.05288818372147424, 0.052957562995808463, 0.052942441510302682, 0.052909241723162789],