{"mean_squared_error": [0.070178394516309098, 0.069700789451599118, 0.065887856980164847, 0.054523277779420218, 0.051556606839100523, 0.050228643417358401, 0.048541783541440967, 0.047184771299362181, 0.046386556078990303, 0.045360258966684344, 0.045368217180172601, 0.04513498867551486, 0.044757816940546036, 0.044575961927572884, 0.044305396576722465, 0.044088347007830937, 0.044082705179850259, 0.043749352296193443, 0.043739484002192817, 0.043585104495286943, 0.043439708401759466, 0.043502959112326302, 0.043194372206926346, 0.043167386700709659, 0.043221285690863927, 0.043061096717913944, 0.042953258504470189, 0.043088514357805252, 0.042981712520122527, 0.043022445589303973, 0.043032961587111153, 0.043073369810978569, 0.043096583336591721, 0.043081237375736235, 0.04313490589459737, 0.043127747873465218, 0.043223166714111964, 0.043186399092276888, 0.043178082009156543, 0.043268227328856788, 0.043269512305657072, 0.04333372687300046, 0.043202726542949675, 0.043093213935693105, 0.043164529154698053, 0.044768058260281879, 0.043261791268984474, 0.041674505174160006, 0.0407821424305439, 0.040915777534246446, 0.040879472345113757, 0.040627817561229067, 0.040451699743668239, 0.040333192298809689, 0.040411420414845148, 0.040481380124886827, 0.04051400125026703, 0.040537993113199867, 0.04047677194078763, 0.040459132939577105, 0.040511352568864824, 0.040455840528011322, 0.04041981572906176, 0.04045768976211548, 0.040511560440063474, 0.040411316851774855, 0.040489312758048374, 0.040460255493720371, 0.040504479159911476, 0.040595413992802303, 0.040654568125804265, 0.040718647092580794, 0.040586930016676584, 0.040711528311173119, 0.040802320589621861, 0.040805475413799287, 0.040848436206579207, 0.040880041321118672, 0.040950379272301989, 0.040972856183846794, 0.041022074470917387, 0.041115021457274754, 0.04112383003036181, 0.04121475741267204, 0.041167333225409192, 0.041163275390863417, 0.041304009407758711, 0.041321254024902977, 0.041335639109214145, 0.041464985410372419, 0.041523130983114241, 0.041440998514493309, 0.041558809330066046, 0.041587424029906589, 0.041612265507380168, 0.041608724991480509, 0.04179327388604482, 0.041801733026901884, 0.041796338309844333, 0.041868713249762851], "loss": [7.9487835566202802, 7.6103931109110512, 7.2903996149698891, 6.9744959195454914, 6.6796969731648765, 6.3999144236246748, 6.1335068066914875, 5.8792419751485188, 5.6371576944986979, 5.405886936187744, 5.1855519294738768, 4.9747609456380211, 4.7732451438903807, 4.5806031227111816, 4.3962865193684895, 4.2198909123738604, 4.0512080510457356, 3.8894447644551593, 3.7347202301025391, 3.5864424069722491, 3.4444288889567058, 3.3083582083384195, 3.1777674039204915, 3.0527702649434407, 2.9329763889312743, 2.817994991938273, 2.7077887535095213, 2.6022170384724936, 2.5008272965749105, 2.4036652088165282, 2.3103963057200114, 2.2210239569346109, 2.1352240721384685, 2.0528487523396808, 1.973887840906779, 1.8980857054392497, 1.8253652334213257, 1.7554280360539753, 1.6884700854619343, 1.6241120258967081, 1.5623876253763835, 1.503080677986145, 1.4461029052734375, 1.3914369901021322, 1.3380751530329387, 1.2885028441747031, 1.2377419233322144, 1.1898761431376139, 1.1448253234227499, 1.1019787549972535, 1.0607683738072713, 1.0209968487421672, 0.98292870124181109, 0.94645708401997886, 0.91150539318720503, 0.87794280052185059, 0.84565806786219277, 0.81467880805333459, 0.78478597799936933, 0.75615267356236771, 0.72868260542551677, 0.70219016075134277, 0.67674809694290161, 0.65232462088267007, 0.62881894111633296, 0.60610215663909917, 0.58440737724304204, 0.56343489090601606, 0.54329286813735966, 0.52399917840957644, 0.5053558210531871, 0.48748003244400023, 0.47013468941052755, 0.45368731816609703, 0.43782883286476137, 0.42253339489301045, 0.4078625957171122, 0.39376483360926312, 0.38017743031183876, 0.3671296159426371, 0.35463429093360899, 0.34256710211435953, 0.330966313680013, 0.31987412770589191, 0.30906114578247068, 0.29874726533889773, 0.2888937830924988, 0.27935302654902139, 0.27018109162648518, 0.26145508488019309, 0.25298485358556111, 0.24474238256613415, 0.23698781629403431, 0.22945190072059632, 0.22220904032389324, 0.21521473526954651, 0.20868313809235892, 0.20220406055450441, 0.19599129557609557, 0.19008245269457499], "val_mean_squared_error": [0.066669685500008721, 0.071892114622252326, 0.060059083359582086, 0.055344876434121816, 0.053297060408762524, 0.051990286580153873, 0.050480231110538752, 0.049191617007766454, 0.048905071403299062, 0.048982678779533932, 0.048580862049545558, 0.048154478094407489, 0.048019729022468836, 0.047939708722489219, 0.047920478773968558, 0.047745002167565484, 0.047704910593373437, 0.047669221247945516, 0.047581743981157033, 0.047621483249323707, 0.047596383307661326, 0.047464617661067417, 0.047610293541635783, 0.047559818519013267, 0.047552160918712616, 0.047603679554803033, 0.04767374587910516, 0.04761733167937824, 0.047692971570151191, 0.047653168439865112, 0.047699058162314553, 0.047726821686540334, 0.047749225050210953, 0.047767715262515206, 0.047807245382240841, 0.04788811717714582, 0.047836958829845698, 0.047865401953458786, 0.047964391431638172, 0.047943622406039922, 0.047969871333667209, 0.047895070165395737, 0.047941221190350394, 0.048878597893885205, 0.050136597028800418, 0.04785869749529021, 0.047766410878726413, 0.047277083886521201, 0.04752797580191067, 0.046898163322891505, 0.046443089310611994, 0.046408834201948981, 0.046442212270838876, 0.046585990914276669, 0.046541639736720493, 0.046439175094876974, 0.046338206423180442, 0.046281309000083377, 0.046240178602082391, 0.046204403042793274, 0.046200082238231389, 0.046232103237083981, 0.046274354947464805, 0.046270205506256649, 0.046232070241655619, 0.046289354562759399, 0.046304862946271896, 0.046359399599688392, 0.046339379357440133, 0.046336213925055096, 0.046364657048668177, 0.046396373105900626, 0.046439422028405328, 0.046452181679861884, 0.046410594135522842, 0.046453024659837992, 0.046512918280703683, 0.046538597238915305, 0.046516986297709603, 0.046561483825956075, 0.046649688056537082, 0.046578757464885712, 0.046660014029060094, 0.046700671315193176, 0.046668266611439843, 0.046753008450780599, 0.046733690159661431, 0.046748226774590354, 0.046846313135964532, 0.046848036881004064, 0.046862460672855377, 0.046881387808493206, 0.046904199889728, 0.046943410166672299, 0.046957598200866153, 0.046973875058548789, 0.047030642096485407, 0.047035284872565954, 0.047076795782361715, 0.04709155059286526],